method,n,tr_V0,imp0,tr_V1,imp1,tr_V2,imp2,tr_V3,imp3,tr_V4,imp4,tr_V5,imp5,tr_V6,imp6,tr_V7,imp7,tr_V8,imp8,tr_V9,imp9,tr_V10,imp10,tr_V11,imp11,tr_V12,imp12,tr_V13,imp13,tr_V14,imp14,tr_V15,imp15,tr_V16,imp16,tr_V17,imp17,tr_V18,imp18,tr_V19,imp19,tr_V20,imp20,tr_V21,imp21,tr_V22,imp22,tr_V23,imp23,tr_V24,imp24,tr_V25,imp25,tr_V26,imp26,tr_V27,imp27,tr_V28,imp28,tr_V29,imp29,tr_V30,imp30,tr_V31,imp31,tr_V32,imp32,tr_V33,imp33,tr_V34,imp34,tr_V35,imp35,tr_V36,imp36,tr_V37,imp37,tr_V38,imp38,tr_V39,imp39,tr_V40,imp40,tr_V41,imp41,tr_V42,imp42,tr_V43,imp43,tr_V44,imp44,tr_V45,imp45,tr_V46,imp46,tr_V47,imp47,tr_V48,imp48,tr_V49,imp49,tr_time,tr_V50,imp50,tr_V51,imp51,tr_V52,imp52,tr_V53,imp53,tr_V54,imp54,tr_V55,imp55,tr_V56,imp56,tr_V57,imp57,tr_V58,imp58,tr_V59,imp59,tr_V60,imp60,tr_V61,imp61,tr_V62,imp62,tr_V63,imp63,tr_V64,imp64,tr_V65,imp65,tr_V66,imp66,tr_V67,imp67,tr_V68,imp68,tr_V69,imp69,tr_V70,imp70,tr_V71,imp71,tr_V72,imp72,tr_V73,imp73,tr_V74,imp74,tr_V75,imp75,tr_V76,imp76,tr_V77,imp77,tr_V78,imp78,tr_V79,imp79,tr_V80,imp80,tr_V81,imp81,tr_V82,imp82,tr_V83,imp83,tr_V84,imp84,tr_V85,imp85,tr_V86,imp86,tr_V87,imp87,tr_V88,imp88,tr_V89,imp89,tr_V90,imp90,tr_V91,imp91,tr_V92,imp92,tr_V93,imp93,tr_V94,imp94,tr_V95,imp95,tr_V96,imp96,tr_V97,imp97,tr_V98,imp98,tr_V99,imp99,tr_V100,imp100,tr_V101,imp101,tr_V102,imp102,tr_V103,imp103,tr_V104,imp104,tr_V105,imp105,tr_V106,imp106,tr_V107,imp107,tr_V108,imp108,tr_V109,imp109,tr_V110,imp110,tr_V111,imp111,tr_V112,imp112,tr_V113,imp113,tr_V114,imp114,tr_V115,imp115,tr_V116,imp116,tr_V117,imp117,tr_V118,imp118,tr_V119,imp119,tr_V120,imp120,tr_V121,imp121,tr_V122,imp122,tr_V123,imp123,tr_V124,imp124,tr_V125,imp125,tr_V126,imp126,tr_V127,imp127,tr_V128,imp128,tr_V129,imp129,tr_V130,imp130,tr_V131,imp131,tr_V132,imp132,tr_V133,imp133,tr_V134,imp134,tr_V135,imp135,tr_V136,imp136,tr_V137,imp137,tr_V138,imp138,tr_V139,imp139,tr_V140,imp140,tr_V141,imp141,tr_V142,imp142,tr_V143,imp143,tr_V144,imp144,tr_V145,imp145,tr_V146,imp146,tr_V147,imp147,tr_V148,imp148,tr_V149,imp149,tr_V150,imp150,tr_V151,imp151,tr_V152,imp152,tr_V153,imp153,tr_V154,imp154,tr_V155,imp155,tr_V156,imp156,tr_V157,imp157,tr_V158,imp158,tr_V159,imp159,tr_V160,imp160,tr_V161,imp161,tr_V162,imp162,tr_V163,imp163,tr_V164,imp164,tr_V165,imp165,tr_V166,imp166,tr_V167,imp167,tr_V168,imp168,tr_V169,imp169,tr_V170,imp170,tr_V171,imp171,tr_V172,imp172,tr_V173,imp173,tr_V174,imp174,tr_V175,imp175,tr_V176,imp176,tr_V177,imp177,tr_V178,imp178,tr_V179,imp179,tr_V180,imp180,tr_V181,imp181,tr_V182,imp182,tr_V183,imp183,tr_V184,imp184,tr_V185,imp185,tr_V186,imp186,tr_V187,imp187,tr_V188,imp188,tr_V189,imp189,tr_V190,imp190,tr_V191,imp191,tr_V192,imp192,tr_V193,imp193,tr_V194,imp194,tr_V195,imp195,tr_V196,imp196,tr_V197,imp197,tr_V198,imp198,tr_V199,imp199,tr_V200,imp200,tr_V201,imp201,tr_V202,imp202,tr_V203,imp203,tr_V204,imp204,tr_V205,imp205,tr_V206,imp206,tr_V207,imp207,tr_V208,imp208,tr_V209,imp209,tr_V210,imp210,tr_V211,imp211,tr_V212,imp212,tr_V213,imp213,tr_V214,imp214,tr_V215,imp215,tr_V216,imp216,tr_V217,imp217,tr_V218,imp218,tr_V219,imp219,tr_V220,imp220,tr_V221,imp221,tr_V222,imp222,tr_V223,imp223,tr_V224,imp224,tr_V225,imp225,tr_V226,imp226,tr_V227,imp227,tr_V228,imp228,tr_V229,imp229,tr_V230,imp230,tr_V231,imp231,tr_V232,imp232,tr_V233,imp233,tr_V234,imp234,tr_V235,imp235,tr_V236,imp236,tr_V237,imp237,tr_V238,imp238,tr_V239,imp239,tr_V240,imp240,tr_V241,imp241,tr_V242,imp242,tr_V243,imp243,tr_V244,imp244,tr_V245,imp245,tr_V246,imp246,tr_V247,imp247,tr_V248,imp248,tr_V249,imp249
Knockoff,100,1.0,0.5525502750998889,1.0,0.2778145525840936,1.0,1.3338658578017795,1.0,0.5500356205675089,1.0,0.9108405489124407,0.0,0.0,0.0,0.0,0.0,0.0,0.0,0.203824751978699,0.0,0.10595768058078892,0.0,0.0,0.0,0.0,0.0,0.2609794416342012,0.0,-0.3438228850111241,0.0,0.19260253922606266,0.0,0.0017804905797996003,0.0,0.04985466435546043,0.0,-0.02072291017869101,0.0,0.0,0.0,0.0,0.0,-0.03339571849969547,0.0,0.0,0.0,0.09887023791097244,0.0,0.3422050673853607,0.0,-0.17023452777173412,0.0,0.0,0.0,0.0,0.0,0.0,0.0,0.07228903548166012,0.0,0.10106467823595615,0.0,0.027018989057020878,0.0,0.0,0.0,0.0,0.0,-0.04125926361013008,0.0,-0.0019895132828410163,0.0,-0.18513409539188802,0.0,0.0,0.0,0.06810725216452354,0.0,0.0,0.0,-0.06113833241132476,0.0,0.0,0.0,0.0,0.0,0.0,0.0,-0.04392332614894069,1.0,1.343982161186075,1.0,0.4272715659805592,1.0,0.43010383257778095,1.0,0.49196397226251715,1.0,1.266304020538145,0.0,0.0,5.465923070907593,,,,,,,,,,,,,,,,,,,,,,,,,,,,,,,,,,,,,,,,,,,,,,,,,,,,,,,,,,,,,,,,,,,,,,,,,,,,,,,,,,,,,,,,,,,,,,,,,,,,,,,,,,,,,,,,,,,,,,,,,,,,,,,,,,,,,,,,,,,,,,,,,,,,,,,,,,,,,,,,,,,,,,,,,,,,,,,,,,,,,,,,,,,,,,,,,,,,,,,,,,,,,,,,,,,,,,,,,,,,,,,,,,,,,,,,,,,,,,,,,,,,,,,,,,,,,,,,,,,,,,,,,,,,,,,,,,,,,,,,,,,,,,,,,,,,,,,,,,,,,,,,,,,,,,,,,,,,,,,,,,,,,,,,,,,,,,,,,,,,,,,,,,,,,,,,,,,,,,,,,,,,,,,,,,,,,,,,,,,,,,,,,,,,,,,,,,,,,,,,
Knockoff,200,1.0,1.303440031398014,1.0,0.7376662590738647,1.0,0.9837211771104554,1.0,0.7746151076602137,1.0,1.1433542010602504,0.0,0.0,0.0,0.0,0.0,0.0,0.0,0.0,0.0,0.0,0.0,0.0,0.0,0.0,0.0,0.0,0.0,0.0,0.0,0.0,0.0,0.0,0.0,0.0,0.0,0.0,0.0,-0.0641289533829107,0.0,0.0,0.0,0.0,0.0,0.0,0.0,0.0,1.0,0.4375848124757027,1.0,0.0,1.0,0.7207479717977227,1.0,0.687777108436075,1.0,1.2416529957360163,0.0,0.0,0.0,-0.1323382622697823,0.0,0.0,0.0,0.0,0.0,0.0634071923137752,0.0,-0.06879424264867753,0.0,0.0,0.0,0.0,0.0,0.0,0.0,0.0,0.0,0.0,0.0,0.0,0.0,0.0,0.0,0.0,0.0,-0.23267563547802556,0.0,0.0,0.0,0.0,0.0,0.0,0.0,0.0,1.0,0.3661849491907634,1.0,1.0607846586350704,1.0,0.9884853848087536,4.017083644866943,1.0,0.45231370964527795,1.0,0.8470066303739706,0.0,0.0,0.0,0.0,0.0,0.6913090200877204,0.0,-0.013962903149579202,0.0,0.0010812328087884283,0.0,0.0,0.0,0.0,0.0,0.0,0.0,0.01327594504870426,0.0,-0.05013374305731407,0.0,0.0,0.0,0.0,0.0,0.0,0.0,0.0,0.0,0.0,0.0,0.0,0.0,0.0,0.0,0.0,1.0,0.47991247513781243,1.0,1.1178558031314036,1.0,0.5281587717880178,1.0,0.6903609534381739,1.0,0.5314983270633712,0.0,0.0,0.0,0.0,0.0,0.0,0.0,0.0,0.0,0.0,0.0,-0.08153571568044364,0.0,0.0,0.0,-0.1184444095708463,0.0,0.0,0.0,0.0,0.0,0.0,0.0,0.0,0.0,0.0,0.0,0.0,0.0,0.0,0.0,0.0,0.0,-0.06755132254222572,0.0,-0.027154819799862562,0.0,0.0,1.0,0.4416619796230972,1.0,1.0374076412638107,1.0,0.6675540615223707,1.0,1.1019463238793696,1.0,0.6554412138270344,0.0,0.0,,,,,,,,,,,,,,,,,,,,,,,,,,,,,,,,,,,,,,,,,,,,,,,,,,,,,,,,,,,,,,,,,,,,,,,,,,,,,,,,,,,,,,,,,,,,,,,,,,,,,,,,,,,,,,,,,,,,,,,,,,,,,,,,,,,,,,,,,,,,,,,,,,,,,,,,,,,,,,,,,,,,,,,,,,,,,,,,,,,,,,,,,,,,,,,,,,,,,,,,,,,,,,,,,,,,,,,,,,,,,,,,,,,,,,,,,,,,,,,,,,,,,,,,,,,,,,,,,,,,,,,,,,,,,,,,,,,,,,,,,,,,,,,,,,,,,,,,,,,,
Knockoff,500,1.0,0.5302992084246635,1.0,0.7642459331879605,1.0,0.44213879533426775,1.0,0.40507636906853484,1.0,0.8268298578170913,0.0,-0.24515106215911978,0.0,-0.004841011271249843,0.0,0.0,0.0,0.0,0.0,0.0,0.0,0.0,0.0,-0.15384996641516568,0.0,0.0,0.0,0.0,0.0,0.0,0.0,0.0,0.0,0.0,0.0,0.0,0.0,0.0,0.0,0.0,0.0,0.0,0.0,0.0,1.0,0.9580689109061746,1.0,0.8076020760267324,1.0,1.0754947590651835,1.0,0.906516340560914,1.0,0.6742100392107666,0.0,0.0,0.0,-0.23752067123809864,0.0,0.0,0.0,0.0,0.0,0.0,0.0,0.0,0.0,0.0,0.0,0.0,0.0,0.0,0.0,0.0,0.0,0.024153508591160232,0.0,0.0,0.0,0.0,0.0,0.0,0.0,0.0,0.0,0.0,0.0,0.0,1.0,0.9042999894103677,1.0,0.35187106056245065,1.0,1.201741535861706,1.0,0.5387522178425187,1.0,0.6835687849305401,0.0,0.06370834172750575,26.905954599380493,0.0,0.0,0.0,0.0,0.0,0.0,0.0,0.0,0.0,0.0,0.0,-0.08016388727059534,0.0,0.0,0.0,0.0,0.0,0.01841350501444139,0.0,0.4595374522854901,0.0,0.0,0.0,0.0,0.0,0.0,0.0,0.0,0.0,0.1628599704128109,0.0,0.0,1.0,0.43882345000333395,1.0,0.3791199152218419,1.0,0.28938764197942723,1.0,1.868323839342445,1.0,0.5387701769535175,0.0,0.0,0.0,0.0,0.0,0.0,0.0,0.0,0.0,0.0,0.0,0.0,0.0,0.0,0.0,-0.060520395289238645,0.0,0.0,0.0,-0.25262853452762735,0.0,0.0,0.0,0.0,0.0,0.0,0.0,0.0,0.0,0.0,0.0,0.0,0.0,0.0,1.0,0.8012945617311031,1.0,0.6507909665854348,1.0,1.0644972208069126,1.0,0.5865643727282318,1.0,1.0762546172532816,0.0,0.0,0.0,0.0,0.0,0.0,0.0,0.0,0.0,0.0,0.0,0.07854963979227324,0.0,0.017686635955302895,0.0,0.0,0.0,0.0,0.0,-0.15266160651620964,0.0,0.0,0.0,-0.020135979747548046,0.0,0.0,0.0,0.0,0.0,0.15224278307319003,0.0,0.0,0.0,0.0,1.0,0.6563201063613521,1.0,0.8766768508053013,1.0,0.7180283872316433,1.0,0.8940462566670657,1.0,0.8264065741500978,0.0,-0.03713328974543918,0.0,-0.03354563674326268,0.0,0.0,0.0,0.0,0.0,0.0,0.0,0.0,0.0,0.33417497496662485,0.0,0.0,0.0,0.0,0.0,0.0,0.0,0.0,0.0,-0.03674040901064513,0.0,0.0,0.0,0.012971026408036383,0.0,-0.09671164881820944,0.0,0.0,0.0,0.0,0.0,-0.01409862241587018,1.0,0.8641233301039062,1.0,0.39676150002618715,1.0,1.0972008354123504,1.0,1.1099579340003387,1.0,1.1119411624009994,0.0,0.03452834566442761,0.0,0.0,0.0,0.0,0.0,-0.033999069152807905,0.0,0.0,0.0,0.0,0.0,0.0,0.0,0.1032375800587593,0.0,0.0,0.0,0.0,0.0,0.0,0.0,0.0519749766068476,0.0,0.0,0.0,0.07801073944685084,0.0,0.0,0.0,0.0,0.0,0.0,1.0,1.0465261777050303,1.0,0.8487593555440607,1.0,0.6306070319838278,1.0,1.0798494187527254,1.0,1.18807357619238,0.0,0.0,0.0,0.0,0.0,0.0,0.0,0.0,0.0,0.0,0.0,0.0,0.0,0.0,0.0,-0.35988926591155523,0.0,0.0,0.0,-0.0356194477389353,0.0,0.0,0.0,0.0,0.0,0.0,0.0,-0.08221138669892254,0.0,-0.019620348942905392,0.0,0.0,0.0,0.0,1.0,0.9297805375167334,1.0,0.686346110709273,1.0,0.8224076814663365,1.0,0.6508955520252805,1.0,0.3072210757220836,0.0,0.0,0.0,0.0,0.0,0.0,0.0,0.0,0.0,0.0,0.0,0.0,0.0,0.0,0.0,0.0,0.0,0.0,0.0,0.0,0.0,0.0,0.0,0.0,0.0,0.0,0.0,0.0,0.0,0.358363502507824,0.0,0.0,0.0,0.0,1.0,0.5601646998600592,1.0,0.5435778741143389,1.0,0.6060848557787661,1.0,0.7273998671750546,1.0,0.5253002609783205,0.0,0.0,0.0,0.0,0.0,0.0,0.0,0.0,0.0,0.0,0.0,0.0,0.0,0.0,0.0,0.0,0.0,0.0,0.0,-0.29012625714053036,0.0,0.0,0.0,0.0,0.0,0.0,0.0,0.0,0.0,0.0,0.0,0.0,0.0,0.0,1.0,0.6714128074221528,1.0,1.1029635094500392,1.0,0.46588292044048707,1.0,0.7741148925350877,1.0,0.7009844853419491,0.0,0.0,0.0,0.0,0.0,0.0,0.0,0.0,0.0,0.0,0.0,0.0,0.0,0.0,0.0,0.0,0.0,0.0,0.0,0.0,0.0,0.0,0.0,0.0,0.0,0.0,0.0,0.0,0.0,0.0,0.0,0.01613020957440744,0.0,0.0,0.0,0.0,1.0,1.0991981067793235,1.0,0.773114909846515,1.0,0.8194278865644253,1.0,0.9083203857122084,1.0,0.9444086609883604,0.0,0.0
CPI_KO,100,1.0,0.3787098366204784,1.0,0.28588808048910064,1.0,1.6238767965296095,1.0,0.3182069175064033,1.0,0.789135482077306,0.0,0.0,0.0,0.0,0.0,0.027084638356483115,0.0,0.0870118247590943,0.0,0.0,0.0,0.0,0.0,0.0,0.0,0.040383844992355034,0.0,0.0,0.0,-0.008779472096583696,0.0,0.0009266496548163694,0.0,0.021951960371178636,0.0,0.0,0.0,0.0,0.0,-0.0007638293148652942,0.0,0.0,0.0,0.0,0.0,0.23478785417370496,0.0,-0.07682855064795113,0.0,0.0,0.0,0.0,0.0,0.0,0.0,0.0,0.0,0.0,0.0,0.0748673215761042,0.0,0.004119427748750848,0.0,0.0,0.0,0.0,0.0,0.0,0.0,0.0,0.0,0.0015865753226722568,0.0,0.0,0.0,-0.0015806698241100925,0.0,0.0,0.0,0.0,0.0,0.0,0.0,0.0019310340912270796,0.0,0.0,0.0,0.0022340640138196477,1.0,1.5715754049726818,1.0,0.15200467504531057,1.0,1.0096105352509364,1.0,0.20458240425078378,1.0,1.626275206675829,0.0,0.0,12.015716075897217,,,,,,,,,,,,,,,,,,,,,,,,,,,,,,,,,,,,,,,,,,,,,,,,,,,,,,,,,,,,,,,,,,,,,,,,,,,,,,,,,,,,,,,,,,,,,,,,,,,,,,,,,,,,,,,,,,,,,,,,,,,,,,,,,,,,,,,,,,,,,,,,,,,,,,,,,,,,,,,,,,,,,,,,,,,,,,,,,,,,,,,,,,,,,,,,,,,,,,,,,,,,,,,,,,,,,,,,,,,,,,,,,,,,,,,,,,,,,,,,,,,,,,,,,,,,,,,,,,,,,,,,,,,,,,,,,,,,,,,,,,,,,,,,,,,,,,,,,,,,,,,,,,,,,,,,,,,,,,,,,,,,,,,,,,,,,,,,,,,,,,,,,,,,,,,,,,,,,,,,,,,,,,,,,,,,,,,,,,,,,,,,,,,,,,,,,,,,,,,,
CPI_KO,200,1.0,1.7049325850112478,1.0,0.5781814943068468,1.0,0.6507362242443477,1.0,0.4840671911939811,1.0,0.8576045177175065,0.0,0.0,0.0,0.015470983041517172,0.0,0.0,0.0,0.05610312584393906,0.0,0.0,0.0,0.05853733931195837,0.0,0.0,0.0,0.0,0.0,0.0,0.0,0.0029597550718785115,0.0,0.014989912231144764,0.0,0.0,0.0,-0.01791670222075492,0.0,0.0023048617351131284,0.0,0.015418796007138802,0.0,0.006033615790518532,0.0,0.031087733449208343,0.0,0.0,1.0,0.16062660801783046,1.0,0.0,1.0,0.39172799368614974,1.0,0.5246279207345692,1.0,0.9109328587270937,0.0,0.0,0.0,0.0,0.0,0.0,0.0,0.00985085773814287,0.0,0.042248773412023155,0.0,0.008884872060503035,0.0,-0.0007779589428080769,0.0,0.0,0.0,0.006708796987331844,0.0,0.0,0.0,0.048440340757404776,0.0,0.0,0.0,0.00015953798619250392,0.0,0.020225929093101058,0.0,0.0,0.0,0.015054365996918229,0.0,0.03702741686976729,0.0,0.01428651235232703,0.0,0.009076591321637295,1.0,0.31506911785405656,1.0,1.0475414526107478,1.0,0.6688707223499435,26.469651699066162,1.0,0.39290344871379546,1.0,0.5090894134877164,0.0,0.0,0.0,0.0,0.0,0.35767554339316376,0.0,0.0022117839573327913,0.0,0.0,0.0,0.009865012847838805,0.0,0.0,0.0,6.483968917336824e-10,0.0,0.030225844969277382,0.0,0.0,0.0,0.0,0.0,0.023121490768637898,0.0,0.005023794289202854,0.0,0.00051584141171368,0.0,0.014122860307553609,0.0,0.0,0.0,0.0,0.0,0.0,1.0,0.3317253276719345,1.0,0.7698280318870871,1.0,0.24403508058845524,1.0,0.37994727130615225,1.0,0.29852568227265763,0.0,0.0,0.0,0.018569000785905843,0.0,-0.014581074098862778,0.0,0.0,0.0,0.0,0.0,0.02036030385133092,0.0,0.03031126390069616,0.0,0.07334886346130975,0.0,-1.0485430390616557e-07,0.0,0.0,0.0,0.0,0.0,0.0,0.0,0.0,0.0,0.0,0.0,0.0,0.0,0.0,0.0,0.0,0.0,0.0,0.0,0.03258233682412204,1.0,0.32347177356503387,1.0,0.7603576202301277,1.0,0.4047737963803577,1.0,0.8061715399497889,1.0,0.23999660624718366,0.0,0.053701504002912515,,,,,,,,,,,,,,,,,,,,,,,,,,,,,,,,,,,,,,,,,,,,,,,,,,,,,,,,,,,,,,,,,,,,,,,,,,,,,,,,,,,,,,,,,,,,,,,,,,,,,,,,,,,,,,,,,,,,,,,,,,,,,,,,,,,,,,,,,,,,,,,,,,,,,,,,,,,,,,,,,,,,,,,,,,,,,,,,,,,,,,,,,,,,,,,,,,,,,,,,,,,,,,,,,,,,,,,,,,,,,,,,,,,,,,,,,,,,,,,,,,,,,,,,,,,,,,,,,,,,,,,,,,,,,,,,,,,,,,,,,,,,,,,,,,,,,,,,,,,,
CPI_KO,500,1.0,0.32078564630650064,1.0,0.4284208780102894,1.0,0.08534163546245566,1.0,0.11135114413173142,1.0,0.42785486646458537,0.0,0.002086538025753981,0.0,0.010387460402723647,0.0,0.0,0.0,0.0,0.0,-0.0029342623015864433,0.0,0.0010998941130431206,0.0,0.025354857764057215,0.0,-0.000647373290760811,0.0,-0.009115269580583174,0.0,-0.002409123635407795,0.0,0.000574833920197193,0.0,0.0,0.0,0.00024266585001342378,0.0,0.004765124428352863,0.0,0.0,0.0,-0.005374052946319097,0.0,0.0,1.0,0.4411610108175701,1.0,-0.19907101076649525,1.0,0.7042918689068252,1.0,-0.6065342357115782,1.0,0.12584442090140513,0.0,0.0,0.0,0.020050355064174852,0.0,0.0,0.0,0.0,0.0,0.0,0.0,0.0,0.0,0.0,0.0,0.001644428567272982,0.0,0.0,0.0,0.0,0.0,0.04241364552723681,0.0,0.00718959926685514,0.0,0.0,0.0,0.0,0.0,0.011928457132352577,0.0,0.0,0.0,-0.04599272106422703,1.0,0.4782668176352338,1.0,0.3214981382339275,1.0,0.568863495233856,1.0,0.6413869463969455,1.0,0.16159449821888572,0.0,0.02542813992419113,183.65780115127563,0.0,0.0,0.0,0.01766233149434271,0.0,-0.0005720183417174951,0.0,-0.06597086729299662,0.0,0.0,0.0,0.0,0.0,0.0,0.0,0.0051001430019042004,0.0,0.05451634229016378,0.0,0.46847615586386837,0.0,0.0,0.0,0.0,0.0,-0.01695227076143624,0.0,0.005196290151555871,0.0,0.10636730261199645,0.0,0.0,1.0,0.2303274013649741,1.0,0.17793117698717253,1.0,0.04572274845681079,1.0,1.3661511306892073,1.0,0.2149054757872335,0.0,2.3539783455817087e-09,0.0,0.0007896849746735768,0.0,0.027067519134597262,0.0,0.0,0.0,0.0,0.0,0.0040376627160050305,0.0,0.0,0.0,0.0,0.0,0.0,0.0,0.000490783148006102,0.0,0.0,0.0,0.0,0.0,0.0,0.0,0.02117714170578111,0.0,0.056711614955830214,0.0,0.007898369903315938,0.0,0.0283900908203627,1.0,0.37983327839463144,1.0,0.2748164874966186,1.0,0.6679067337253031,1.0,0.14091237970253445,1.0,0.6210696025362488,0.0,0.0,0.0,0.0011757713855260477,0.0,0.0,0.0,0.0,0.0,0.0006682073377781705,0.0,0.032303097478344256,0.0,0.010489272633158464,0.0,0.047366157017272315,0.0,0.00026072540079979944,0.0,0.0,0.0,-0.015555555340178273,0.0,0.0,0.0,0.0,0.0,0.0,0.0,0.03869035883904104,0.0,0.0,0.0,0.004916080482363583,1.0,0.27408830638915305,1.0,0.3185028124440876,1.0,0.2109723678225457,1.0,0.3244876102876866,1.0,0.4974492018330956,0.0,0.0,0.0,0.010498481424644268,0.0,0.0,0.0,0.0,0.0,0.0,0.0,-0.014445378100258921,0.0,0.008644757136067938,0.0,0.0,0.0,0.0,0.0,0.026263677898306526,0.0,0.0,0.0,0.04909655248460609,0.0,0.018227326321550663,0.0,0.02995698482365583,0.0,0.0,0.0,0.0,0.0,0.0009419452988499444,0.0,0.0,1.0,0.556282151245636,1.0,0.14551828605161887,1.0,0.44630052347654114,1.0,0.8415568802884685,1.0,0.40462226010300384,0.0,0.030625718484273534,0.0,0.0,0.0,0.0,0.0,0.0,0.0,0.027132153589858987,0.0,7.368287959153008e-05,0.0,0.0,0.0,0.03607887090589301,0.0,0.0,0.0,0.0,0.0,-0.018033539328364157,0.0,0.00425083793858505,0.0,0.0,0.0,0.09692637001189297,0.0,0.0,0.0,0.0004798952345694829,0.0,0.0,1.0,0.6000849551791134,1.0,0.48458604529587745,1.0,0.3688641631835772,1.0,0.5588686465327335,1.0,0.5771101994120684,0.0,0.0,0.0,0.0,0.0,0.0,0.0,-0.0009448934587936719,0.0,0.0,0.0,-0.008188695223797282,0.0,0.0,0.0,0.0,0.0,0.006736870098713155,0.0,0.0,0.0,0.07006055711469017,0.0,0.0,0.0,0.0,0.0,0.008425332698813293,0.0,0.0,0.0,0.0,0.0,0.0,1.0,0.4489206491987474,1.0,0.2862556786348094,1.0,0.4124901993581922,1.0,0.2425664266087857,1.0,0.0,0.0,0.01841412994667735,0.0,-0.003895915667289529,0.0,0.007472303497040755,0.0,0.0013724679167701481,0.0,0.0,0.0,0.0037102583327737193,0.0,0.010411852648278597,0.0,0.01839188619783627,0.0,-0.0004841868081797429,0.0,0.0,0.0,0.0045570654624249585,0.0,0.0,0.0,0.0,0.0,0.0,0.0,0.17695222133797373,0.0,0.01086220595161791,0.0,0.0,1.0,0.1819892004476209,1.0,0.20123993254431838,1.0,0.38892636251091517,1.0,0.20763087357971344,1.0,0.22161216936510186,0.0,0.0,0.0,0.0,0.0,0.0008761012061277995,0.0,0.0,0.0,-0.008894958006877118,0.0,0.003587551612096007,0.0,-0.01322475839382875,0.0,0.0,0.0,-1.622973577752873e-05,0.0,0.0,0.0,0.0034340713979048587,0.0,0.0,0.0,0.0008925184243118167,0.0,0.0,0.0,0.014431307147503958,0.0,0.0,0.0,-0.005531939971277211,1.0,0.26563457980612526,1.0,0.49422308843543306,1.0,0.15672418338163396,1.0,0.28091695008476947,1.0,0.06986178530317844,0.0,0.004873203333776388,0.0,0.025005796574706807,0.0,0.008051922635523567,0.0,0.0031924894523722713,0.0,0.0009452710504191941,0.0,0.0,0.0,0.0,0.0,0.0,0.0,0.009854860849694447,0.0,-1.856378162301553e-09,0.0,0.0,0.0,0.00943814094413753,0.0,0.0,0.0,0.026697547659868093,0.0,0.0016788811781403012,0.0,0.11714130543398582,0.0,0.022258082307097027,0.0,0.0,1.0,0.684240330994573,1.0,0.2543756534100048,1.0,0.3494117302983426,1.0,0.5917047697052027,1.0,0.6209502551583732,0.0,0.08263829348500806
CPI_KO_Wilcox,100,1.0,1.5421916663353502e-06,1.0,7.802863331504422e-07,1.0,8.444635631886182e-05,1.0,0.0013994277322528252,1.0,2.3539091709787225e-05,0.0,,0.0,,0.0,5.333393272814021e-05,0.0,0.00012157258531273112,0.0,,0.0,,0.0,,0.0,0.0006917337184968688,0.0,,0.0,0.9999987470066346,0.0,3.595754451071111e-06,0.0,3.2781374307160716e-05,0.0,,0.0,,0.0,0.5779565279251166,0.0,,0.0,,0.0,3.229486742653474e-05,0.0,0.924182681298323,0.0,,0.0,,0.0,,0.0,,0.0,,0.0,2.8333297279485894e-05,0.0,0.0006113867117548164,0.0,,0.0,,0.0,,0.0,,0.0,0.0003118038863545775,0.0,,0.0,0.6575266840024696,0.0,,0.0,,0.0,,0.0,0.00011341574790484806,0.0,,0.0,0.513427449311075,1.0,3.3583516397350005e-06,1.0,8.810883346475941e-05,1.0,3.633017321137095e-08,1.0,0.0004299853543022132,1.0,2.4061257573859225e-07,0.0,,12.015699625015259,,,,,,,,,,,,,,,,,,,,,,,,,,,,,,,,,,,,,,,,,,,,,,,,,,,,,,,,,,,,,,,,,,,,,,,,,,,,,,,,,,,,,,,,,,,,,,,,,,,,,,,,,,,,,,,,,,,,,,,,,,,,,,,,,,,,,,,,,,,,,,,,,,,,,,,,,,,,,,,,,,,,,,,,,,,,,,,,,,,,,,,,,,,,,,,,,,,,,,,,,,,,,,,,,,,,,,,,,,,,,,,,,,,,,,,,,,,,,,,,,,,,,,,,,,,,,,,,,,,,,,,,,,,,,,,,,,,,,,,,,,,,,,,,,,,,,,,,,,,,,,,,,,,,,,,,,,,,,,,,,,,,,,,,,,,,,,,,,,,,,,,,,,,,,,,,,,,,,,,,,,,,,,,,,,,,,,,,,,,,,,,,,,,,,,,,,,,,,,,,
CPI_KO_Wilcox,200,1.0,2.489748625524874e-07,1.0,8.776320647371086e-08,1.0,1.1673468919656804e-06,1.0,2.3056255664529214e-06,1.0,1.5373215824861728e-08,0.0,,0.0,7.741051718102818e-08,0.0,,0.0,1.3637959791256354e-06,0.0,,0.0,1.7190316915244024e-06,0.0,,0.0,,0.0,,0.0,5.093231194178328e-07,0.0,2.6195929111719465e-07,0.0,,0.0,0.9999986762930757,0.0,0.00011221757975166883,0.0,2.8997290510195848e-08,0.0,5.418416757443187e-07,0.0,3.418619151950449e-06,0.0,,1.0,2.134166905921289e-07,1.0,,1.0,4.963357494486373e-07,1.0,2.1758400410659707e-09,1.0,2.5285488024704093e-07,0.0,,0.0,,0.0,,0.0,1.233329076328006e-06,0.0,3.970567659492421e-07,0.0,2.269950880782291e-08,0.0,0.9999985351808564,0.0,,0.0,2.0691213495322142e-07,0.0,,0.0,5.318819585272434e-07,0.0,,0.0,1.495070755943765e-08,0.0,5.697250914260642e-06,0.0,,0.0,1.0865393986211571e-07,0.0,2.3065504932013556e-07,0.0,6.760792153362622e-07,0.0,7.879202785244273e-07,1.0,3.3589535898828164e-08,1.0,1.1263117034067607e-07,1.0,4.287777976212517e-07,26.469635248184204,1.0,7.844202338658932e-08,1.0,3.404700279770205e-07,0.0,,0.0,,0.0,3.7295907334285183e-07,0.0,2.5616385695700964e-07,0.0,,0.0,1.6162198664986704e-08,0.0,,0.0,0.6088984046756407,0.0,1.4474974385162119e-06,0.0,,0.0,,0.0,1.250155439849128e-07,0.0,1.0757169873192638e-08,0.0,1.6222401314162348e-06,0.0,5.856803468922827e-06,0.0,,0.0,,0.0,,1.0,1.0464910675636702e-05,1.0,6.1027152497894785e-06,1.0,7.2819583849768e-05,1.0,1.9420964816124382e-09,1.0,1.0666879956293409e-06,0.0,,0.0,1.5031933389850737e-05,0.0,0.999999999509456,0.0,,0.0,,0.0,2.20576399762495e-07,0.0,5.887469534206914e-07,0.0,4.9851868041722685e-08,0.0,0.9606191319725845,0.0,,0.0,,0.0,,0.0,,0.0,,0.0,,0.0,,0.0,,0.0,,0.0,2.5747738951951015e-06,1.0,4.661070372391339e-08,1.0,1.9435379934341775e-08,1.0,1.4641241730418988e-08,1.0,2.0276862652983815e-06,1.0,6.399319760429753e-07,0.0,2.6678680664027278e-08,,,,,,,,,,,,,,,,,,,,,,,,,,,,,,,,,,,,,,,,,,,,,,,,,,,,,,,,,,,,,,,,,,,,,,,,,,,,,,,,,,,,,,,,,,,,,,,,,,,,,,,,,,,,,,,,,,,,,,,,,,,,,,,,,,,,,,,,,,,,,,,,,,,,,,,,,,,,,,,,,,,,,,,,,,,,,,,,,,,,,,,,,,,,,,,,,,,,,,,,,,,,,,,,,,,,,,,,,,,,,,,,,,,,,,,,,,,,,,,,,,,,,,,,,,,,,,,,,,,,,,,,,,,,,,,,,,,,,,,,,,,,,,,,,,,,,,,,,,,,
CPI_KO_Wilcox,500,1.0,8.337511047184724e-11,1.0,4.0669006883412527e-11,1.0,2.4629366868078946e-08,1.0,4.2640147327909126e-08,1.0,4.808390490028425e-09,0.0,2.7911319570655e-08,0.0,2.3076015947465464e-09,0.0,,0.0,,0.0,0.9999999953894892,0.0,3.761564018119872e-09,0.0,3.288306408155938e-09,0.0,0.9999999983116403,0.0,0.999999981864268,0.0,0.999999997696694,0.0,2.4288683522991704e-08,0.0,,0.0,9.12432063430561e-09,0.0,9.042873490449017e-09,0.0,,0.0,0.9999999946843566,0.0,,1.0,4.7339674016478944e-11,1.0,0.797618780082124,1.0,2.8741638172524427e-12,1.0,0.7205273136404237,1.0,5.769013542160418e-09,0.0,,0.0,2.8099895036683346e-09,0.0,,0.0,,0.0,,0.0,,0.0,,0.0,1.1907567759039737e-09,0.0,,0.0,,0.0,0.5108598495299136,0.0,2.2838384977639458e-10,0.0,,0.0,,0.0,0.10034758225307733,0.0,,0.0,0.8361757603551443,1.0,1.593801588977488e-11,1.0,0.2132797508245443,1.0,3.28234261909754e-11,1.0,0.018994391638838974,1.0,6.83101146866773e-10,0.0,0.644774173480126,183.6577877998352,0.0,,0.0,0.3558020099084944,0.0,0.9999999963069793,0.0,0.9748868783237771,0.0,,0.0,,0.0,,0.0,0.23331948370732136,0.0,5.3544981755820745e-09,0.0,0.09247445614622452,0.0,,0.0,,0.0,0.9999999970731395,0.0,6.522700762235319e-10,0.0,2.4446995142747984e-09,0.0,,1.0,4.20726362392807e-09,1.0,4.078137796437898e-09,1.0,9.478039276565532e-10,1.0,9.175536115013083e-10,1.0,1.4142974491966994e-08,0.0,0.11108232615539948,0.0,5.9068380177325835e-09,0.0,3.761564018119872e-09,0.0,,0.0,,0.0,8.192280010700969e-09,0.0,,0.0,,0.0,,0.0,2.226063019630338e-08,0.0,,0.0,,0.0,,0.0,2.021193643280143e-09,0.0,1.2609830729673671e-12,0.0,8.310987642806001e-09,0.0,2.799592856810615e-09,1.0,7.894061903964925e-11,1.0,6.561726384893145e-09,1.0,2.9272474891733055e-10,1.0,5.949885512794791e-09,1.0,1.998641654778135e-09,0.0,,0.0,3.210334714875057e-09,0.0,,0.0,,0.0,3.4817455259471802e-09,0.0,4.704140697490993e-09,0.0,8.866167101144438e-09,0.0,2.285114759931048e-08,0.0,3.4881662551214602e-09,0.0,,0.0,0.9999999968132927,0.0,,0.0,,0.0,,0.0,5.522732918633994e-09,0.0,,0.0,5.811084773202877e-09,1.0,1.6232358106672773e-08,1.0,4.31908728667576e-10,1.0,1.6813264687553336e-07,1.0,3.0383183116476464e-08,1.0,5.980761930987535e-10,0.0,,0.0,2.1820647220633964e-09,0.0,,0.0,,0.0,,0.0,0.9999999913071843,0.0,3.4167676727740455e-08,0.0,,0.0,,0.0,7.902669827966792e-09,0.0,,0.0,4.420556325023374e-09,0.0,2.324861941509975e-09,0.0,9.491229818260094e-09,0.0,,0.0,,0.0,3.0996017576884255e-09,0.0,,1.0,2.217123045213016e-10,1.0,1.0924411824060645e-10,1.0,3.150632093873016e-08,1.0,5.363293075992929e-11,1.0,4.28560550590675e-10,0.0,2.273454201218569e-09,0.0,,0.0,,0.0,,0.0,8.046209494291359e-09,0.0,2.1984107005257803e-09,0.0,,0.0,5.732046364718781e-10,0.0,,0.0,,0.0,0.9999999952613559,0.0,7.117910990991787e-09,0.0,,0.0,2.7430767840953556e-09,0.0,,0.0,9.389766835432919e-09,0.0,,1.0,1.4901893003113338e-10,1.0,1.1287071539185389e-08,1.0,2.279330495184313e-10,1.0,6.120827446982998e-10,1.0,4.433315460566399e-11,0.0,,0.0,,0.0,,0.0,0.9999999908100092,0.0,,0.0,0.9999999879229639,0.0,,0.0,,0.0,6.420690847067319e-09,0.0,,0.0,5.765358625453584e-10,0.0,,0.0,,0.0,8.431365099651497e-09,0.0,,0.0,,0.0,,1.0,1.350638577484813e-08,1.0,1.5281411216478528e-09,1.0,1.5948632618947056e-08,1.0,9.276920180073306e-08,1.0,,0.0,2.2904659730576027e-09,0.0,0.9999999954895649,0.0,5.0882049482107295e-09,0.0,4.2304594754830595e-09,0.0,,0.0,1.05473605820729e-08,0.0,4.764682983180299e-09,0.0,1.5571924019039973e-09,0.0,0.9999999919537905,0.0,,0.0,2.921503917790944e-10,0.0,,0.0,,0.0,,0.0,1.0122738007849013e-08,0.0,5.49342533147208e-10,0.0,,1.0,3.289129741876281e-11,1.0,2.853432969519534e-10,1.0,1.7053085276269733e-08,1.0,2.7596416867321027e-10,1.0,4.5685529574217805e-09,0.0,,0.0,,0.0,3.7134551311093515e-09,0.0,,0.0,0.999999999416745,0.0,4.764682983180299e-09,0.0,0.9999999851913647,0.0,,0.0,0.9999999932699261,0.0,,0.0,1.2337462328866708e-08,0.0,,0.0,1.0775716335396717e-08,0.0,,0.0,4.214981801362571e-09,0.0,,0.0,0.9999999961190631,1.0,1.9615981490227793e-09,1.0,4.6698815471777765e-09,1.0,6.349162104505755e-10,1.0,8.802745328453123e-09,1.0,7.743034022870611e-08,0.0,2.8152019026498877e-09,0.0,5.654838081990933e-09,0.0,2.08644433108671e-09,0.0,3.6659447841834776e-09,0.0,4.372267935836066e-09,0.0,,0.0,,0.0,,0.0,1.2772105052179384e-09,0.0,0.9008447226528756,0.0,,0.0,2.5091824563654565e-09,0.0,,0.0,3.6930206865546245e-09,0.0,5.078936560864993e-09,0.0,1.4144510818923097e-09,0.0,6.14740122412793e-09,0.0,,1.0,3.215220354608781e-11,1.0,4.4876543557764256e-07,1.0,5.800539100076442e-09,1.0,4.277224771085136e-09,1.0,1.8452822629817785e-07,0.0,1.0767723825946586e-09
dCRT,100,1.0,0.00126902526115802,1.0,0.0075345279063624634,1.0,8.22798291287299e-09,1.0,0.0010344627899218587,1.0,3.803506974939569e-08,0.0,0.9676484521044558,0.0,0.6957441445367281,0.0,0.15433955246703915,0.0,0.02367923209252467,0.0,0.05423302388395831,0.0,0.7067469116519753,0.0,0.21721963815600165,0.0,0.04114887115146734,0.0,0.8577251915571313,0.0,0.2411057690225229,0.0,0.25468194939989963,0.0,0.13058435772348392,0.0,0.8216069656198197,0.0,0.7694645630801196,0.0,0.1741553321184547,0.0,0.6913483225870964,0.0,0.8786662529949992,0.0,0.00033542995932040376,0.0,0.01692971541946108,0.0,0.01100561742328035,0.0,0.3262901567935572,0.0,0.9748772543767351,0.0,0.8406144619797326,0.0,0.15063797090061587,0.0,0.09145363939791337,0.0,0.16584655310145735,0.0,0.7259850757137822,0.0,0.8928192685006988,0.0,0.8422686197333409,0.0,0.8455541707521295,0.0,0.48340721513911844,0.0,0.867523782427361,0.0,0.3131220820685714,0.0,0.20453826597426417,0.0,0.49615242244880764,0.0,0.7397995974419225,0.0,0.3014171894474911,0.0,0.703635064058009,0.0,0.42808747444104167,1.0,7.165457010378203e-09,1.0,0.0009172633008750813,1.0,2.1702313519528972e-05,1.0,0.0007530925090260981,1.0,2.3653901330593134e-08,0.0,0.19035542002846206,1.1773898601531982,,,,,,,,,,,,,,,,,,,,,,,,,,,,,,,,,,,,,,,,,,,,,,,,,,,,,,,,,,,,,,,,,,,,,,,,,,,,,,,,,,,,,,,,,,,,,,,,,,,,,,,,,,,,,,,,,,,,,,,,,,,,,,,,,,,,,,,,,,,,,,,,,,,,,,,,,,,,,,,,,,,,,,,,,,,,,,,,,,,,,,,,,,,,,,,,,,,,,,,,,,,,,,,,,,,,,,,,,,,,,,,,,,,,,,,,,,,,,,,,,,,,,,,,,,,,,,,,,,,,,,,,,,,,,,,,,,,,,,,,,,,,,,,,,,,,,,,,,,,,,,,,,,,,,,,,,,,,,,,,,,,,,,,,,,,,,,,,,,,,,,,,,,,,,,,,,,,,,,,,,,,,,,,,,,,,,,,,,,,,,,,,,,,,,,,,,,,,,,,,
dCRT,200,1.0,1.691287649981087e-09,1.0,4.5542261864374404e-07,1.0,5.519801029557597e-06,1.0,0.000328352318575785,1.0,9.463655844192613e-09,0.0,0.9500270731793252,0.0,0.28780470688246884,0.0,0.6645514801558151,0.0,0.09305604854437577,0.0,0.9683275151806655,0.0,0.026319380531928272,0.0,0.8228780941476268,0.0,0.6618919736914652,0.0,0.504865162539964,0.0,0.5621105389015403,0.0,0.5083285483143197,0.0,0.7622908204096546,0.0,0.11756937986599308,0.0,0.5812498692885647,0.0,0.3400854361288478,0.0,0.42599232703701384,0.0,0.11551581443307271,0.0,0.6553161421195872,1.0,0.00014963378134883005,1.0,0.16074547178058118,1.0,3.90297000063129e-07,1.0,0.00017977417797946068,1.0,3.371107780072831e-11,0.0,0.6104390285926669,0.0,0.865611884848277,0.0,0.5197427717805763,0.0,0.265580359520857,0.0,0.3364906382361105,0.0,0.7620601049441884,0.0,0.4283468360121364,0.0,0.8213818417684747,0.0,0.22667746886234386,0.0,0.8536504416584241,0.0,0.11634979047096558,0.0,0.5544141487574048,0.0,0.6939321758975936,0.0,0.11883554801325533,0.0,0.7418571010074743,0.0,0.2891208570034718,0.0,0.09786947263110832,0.0,0.27335335303257546,0.0,0.26400922282872674,1.0,1.7528053234802883e-05,1.0,8.435937399714729e-08,1.0,8.304308935812488e-07,5.103353261947632,1.0,4.7821522021746415e-05,1.0,1.5228043108568757e-06,0.0,0.9769168731287307,0.0,0.6915847041829306,0.0,0.00021930921837224804,0.0,0.36034429663266754,0.0,0.1126632268799253,0.0,0.531122893531194,0.0,0.7643669595954111,0.0,0.7246992558752309,0.0,0.22560398443598284,0.0,0.6798803067139223,0.0,0.7174445591120906,0.0,0.056061227004701404,0.0,0.17499189656352343,0.0,0.46523471219981427,0.0,0.12597588628547557,0.0,0.6458081874796189,0.0,0.6520280872767668,0.0,0.9700782137003963,1.0,4.773913011646434e-05,1.0,3.6231360849132977e-06,1.0,0.0004413492155887334,1.0,6.149013028627332e-05,1.0,1.3031671052818882e-05,0.0,0.8135200126593111,0.0,0.04489800275949286,0.0,0.11733188645673441,0.0,0.5583204699901595,0.0,0.47241830865809764,0.0,0.10775827957990818,0.0,0.13142797442512633,0.0,0.200892819946617,0.0,0.04471252305387594,0.0,0.7839581920360539,0.0,0.9162934853864894,0.0,0.7216208045363701,0.0,0.765796196771012,0.0,0.2973920310218605,0.0,0.8756519547149226,0.0,0.7461302389261917,0.0,0.9099344015692514,0.0,0.5955593176779758,0.0,0.18491271013167898,1.0,4.559186084181432e-05,1.0,1.757038655494633e-06,1.0,1.1082929306020518e-05,1.0,1.4441214983399895e-08,1.0,0.00017578245018707317,0.0,0.17423357265966877,,,,,,,,,,,,,,,,,,,,,,,,,,,,,,,,,,,,,,,,,,,,,,,,,,,,,,,,,,,,,,,,,,,,,,,,,,,,,,,,,,,,,,,,,,,,,,,,,,,,,,,,,,,,,,,,,,,,,,,,,,,,,,,,,,,,,,,,,,,,,,,,,,,,,,,,,,,,,,,,,,,,,,,,,,,,,,,,,,,,,,,,,,,,,,,,,,,,,,,,,,,,,,,,,,,,,,,,,,,,,,,,,,,,,,,,,,,,,,,,,,,,,,,,,,,,,,,,,,,,,,,,,,,,,,,,,,,,,,,,,,,,,,,,,,,,,,,,,,,,
dCRT,500,1.0,0.00010649658594103311,1.0,7.941854458672182e-07,1.0,0.00032628222910942463,1.0,0.0015923110308710825,1.0,6.318753856744199e-11,0.0,0.5064332529659936,0.0,0.41557474599549094,0.0,0.6385474876195553,0.0,0.7155324826673826,0.0,0.40494901391566496,0.0,0.5290915675388387,0.0,0.1352973263658244,0.0,0.5813319008257348,0.0,0.11466485907371968,0.0,0.28982485525023016,0.0,0.4760231726663434,0.0,0.9163636819314593,0.0,0.44940775501186037,0.0,0.12299618226475365,0.0,0.7018795986288966,0.0,0.3589926274181353,0.0,0.5284186031389093,1.0,2.3657176372946816e-09,1.0,9.547711192589038e-07,1.0,1.786978453705312e-08,1.0,1.2646225823943386e-09,1.0,2.325740446863496e-06,0.0,0.7428460852515459,0.0,0.32155906616977614,0.0,0.9952354664670572,0.0,0.7976576007410595,0.0,0.7012392798235731,0.0,0.5310531857620373,0.0,0.9905350128083338,0.0,0.3422675789476587,0.0,0.5430356717967961,0.0,0.954793957175597,0.0,0.3143099347787778,0.0,0.04447727981352004,0.0,0.6477356471188391,0.0,0.7301536742832597,0.0,0.2950610983848718,0.0,0.5661212250539887,0.0,0.09854660935868052,1.0,1.1056558112127451e-13,1.0,0.0025198383721468133,1.0,2.3395749161850964e-10,1.0,0.000338131791511448,1.0,2.4485870456409938e-05,0.0,0.020451042518503916,39.12221622467041,0.0,0.8278830433400726,0.0,0.4336112487927094,0.0,0.4466915177900789,0.0,0.34958098818288097,0.0,0.6236849486769833,0.0,0.6030072207128523,0.0,0.5113887318580357,0.0,0.08394522071772209,0.0,0.05982297730967473,0.0,0.0003619724536460582,0.0,0.9265037464951908,0.0,0.6313793623434463,0.0,0.11560590632516293,0.0,0.04483440729686402,0.0,0.0004340557530231346,0.0,0.9692421180918864,1.0,7.27882654102823e-05,1.0,2.50428787658825e-06,1.0,0.0005545895960101351,1.0,1.2477620853529624e-16,1.0,1.577602190588938e-05,0.0,0.2508358069890815,0.0,0.5248858643224585,0.0,0.27360239977755374,0.0,0.89954877122935,0.0,0.7763214485906684,0.0,0.3407253421395471,0.0,0.9071244024287013,0.0,0.5501776834585206,0.0,0.660110026575041,0.0,0.6692524999166272,0.0,0.7879809676615817,0.0,0.8255500023653293,0.0,0.587744247891252,0.0,0.3642834198280135,0.0,0.10655306084052299,0.0,0.2241147070257784,0.0,0.23335711635562928,1.0,9.856530947383573e-06,1.0,1.5221154549796974e-05,1.0,1.2965383514809271e-10,1.0,0.00014841465639185196,1.0,2.5527084344385072e-11,0.0,0.7942878597736287,0.0,0.5833960138687354,0.0,0.3038892754484671,0.0,0.9121708482578055,0.0,0.24468220662801765,0.0,0.14607203528757642,0.0,0.016863800606436594,0.0,0.1077123170296867,0.0,0.6572476499173363,0.0,0.7104901621380604,0.0,0.11866700410956438,0.0,0.0962845060274651,0.0,0.419322160460636,0.0,0.7902410100676052,0.0,0.0905283257141053,0.0,0.7259982258880833,0.0,0.26660032670568834,1.0,3.405996393405046e-06,1.0,4.2146908564821276e-07,1.0,1.6222306746570217e-05,1.0,2.3523379531979374e-10,1.0,4.651693844399242e-08,0.0,0.7223105689227085,0.0,0.17100385614634683,0.0,0.6623654277310496,0.0,0.8848916486943177,0.0,0.8798413960414879,0.0,0.21722650267945043,0.0,1.3365798642457063e-05,0.0,0.9139958383056765,0.0,0.5234544611621703,0.0,0.06121752710408174,0.0,0.9738763082382692,0.0,0.07293986232489005,0.0,0.23209149662038575,0.0,0.1512823773374468,0.0,0.5055334158273801,0.0,0.9306052691582298,0.0,0.4331386657617621,0.0,0.6675076719934887,1.0,1.2293106682416618e-05,1.0,9.989741894637315e-05,1.0,1.4086392624357189e-08,1.0,2.0602353101529133e-09,1.0,2.6684935710833194e-10,0.0,0.1380955421054637,0.0,0.6696149502151932,0.0,0.9599934526452694,0.0,0.8161579281869284,0.0,0.020382070451997795,0.0,0.6700246956552809,0.0,0.8600118705474129,0.0,0.0016931161073435157,0.0,0.7981772596231379,0.0,0.6751855714231747,0.0,0.3545583752315655,0.0,0.1535619538241013,0.0,0.867966844262818,0.0,0.01726885499946352,0.0,0.5095445123174958,0.0,0.4352011621084805,0.0,0.9736077953965973,1.0,7.992352914418976e-13,1.0,1.5669378437767207e-06,1.0,7.365250351335303e-07,1.0,3.0794009033928225e-10,1.0,2.6798704066892693e-12,0.0,0.6071367720168538,0.0,0.29110999679710914,0.0,0.9011169577299012,0.0,0.530746860340431,0.0,0.6355466622886359,0.0,0.1475097850651109,0.0,0.93908395215396,0.0,0.6173548093904841,0.0,0.06968031155848359,0.0,0.8303842078519137,0.0,0.017454272698443008,0.0,0.6490788852137807,0.0,0.6792531400026196,0.0,0.2035059923447906,0.0,0.6563352132724869,0.0,0.8996564757776084,0.0,0.5345717829042008,1.0,3.75945644590401e-09,1.0,5.1638802318395744e-05,1.0,1.279738317808512e-08,1.0,0.00047517484630382024,1.0,8.468893324652733e-06,0.0,0.12298955964500556,0.0,0.26965726093035647,0.0,0.42138381523542356,0.0,0.4355777502564566,0.0,0.8506928173095809,0.0,0.26710685280311885,0.0,0.32500064214112256,0.0,0.19806300023707457,0.0,0.6847022433579923,0.0,0.12665220095206825,0.0,0.15997299752193705,0.0,0.540540736886083,0.0,0.5548104390540427,0.0,0.8703488253958123,0.0,0.0007629166334937489,0.0,0.06523453247971117,0.0,0.855914575285372,1.0,0.00017918331967152538,1.0,5.269618083049623e-06,1.0,8.201910034158079e-07,1.0,0.00031072511977285513,1.0,2.545245372088282e-08,0.0,0.9406010053081288,0.0,0.6761193785737876,0.0,0.5991977905666159,0.0,0.8325380739910918,0.0,0.06321535858793093,0.0,0.4723864343342089,0.0,0.02319640407699163,0.0,0.9214654885970562,0.0,0.4745758865101751,0.0,0.7745849884942633,0.0,0.41426031565897325,0.0,0.6968048498539021,0.0,0.4700966349009752,0.0,0.7132051003010024,0.0,0.0819999827848969,0.0,0.8006625378237574,0.0,0.4725254165826561,1.0,0.00018398205248051867,1.0,9.50894890796454e-10,1.0,0.000421170663099674,1.0,3.988961169352638e-07,1.0,9.696926511479662e-08,0.0,0.3475398297112796,0.0,0.057361655722043735,0.0,0.12168775243578096,0.0,0.4874300897488295,0.0,0.2028891685165869,0.0,0.23711232422739015,0.0,0.740095289834483,0.0,0.9961329701611721,0.0,0.31793882333873225,0.0,0.18185462384563833,0.0,0.5326549765851869,0.0,0.3020111982632526,0.0,0.5786000405313312,0.0,0.10541679785526248,0.0,0.04260065990276037,0.0,0.0023966032266813956,0.0,0.033866237702893355,0.0,0.9729329046315199,1.0,9.070953721733991e-11,1.0,3.542786679831182e-08,1.0,5.610413875552935e-06,1.0,1.848354053265766e-08,1.0,5.682391252280327e-12,0.0,0.008841877712177152
HRT,100,1.0,0.08857142857142856,1.0,0.5942857142857143,1.0,0.055714285714285716,1.0,0.2,1.0,0.011428571428571429,0.0,1.0,0.0,0.71,0.0,0.2,0.0,0.16857142857142857,0.0,0.5042857142857143,0.0,1.0,0.0,1.0,0.0,0.13428571428571429,0.0,1.0,0.0,1.0,0.0,0.5142857142857142,0.0,0.30714285714285716,0.0,1.0,0.0,1.0,0.0,1.0,0.0,1.0,0.0,1.0,0.0,0.18571428571428572,0.0,0.5685714285714286,0.0,0.002857142857142857,0.0,0.3485714285714286,0.0,1.0,0.0,1.0,0.0,0.14285714285714285,0.0,0.10285714285714286,0.0,1.0,0.0,0.9657142857142857,0.0,1.0,0.0,1.0,0.0,1.0,0.0,1.0,0.0,0.6185714285714285,0.0,0.13285714285714287,0.0,0.11142857142857143,0.0,1.0,0.0,0.9314285714285714,0.0,0.51,0.0,1.0,0.0,1.0,1.0,0.0,1.0,0.31142857142857144,1.0,0.2757142857142857,1.0,0.1,1.0,0.012857142857142857,0.0,0.28,15.614205598831177,,,,,,,,,,,,,,,,,,,,,,,,,,,,,,,,,,,,,,,,,,,,,,,,,,,,,,,,,,,,,,,,,,,,,,,,,,,,,,,,,,,,,,,,,,,,,,,,,,,,,,,,,,,,,,,,,,,,,,,,,,,,,,,,,,,,,,,,,,,,,,,,,,,,,,,,,,,,,,,,,,,,,,,,,,,,,,,,,,,,,,,,,,,,,,,,,,,,,,,,,,,,,,,,,,,,,,,,,,,,,,,,,,,,,,,,,,,,,,,,,,,,,,,,,,,,,,,,,,,,,,,,,,,,,,,,,,,,,,,,,,,,,,,,,,,,,,,,,,,,,,,,,,,,,,,,,,,,,,,,,,,,,,,,,,,,,,,,,,,,,,,,,,,,,,,,,,,,,,,,,,,,,,,,,,,,,,,,,,,,,,,,,,,,,,,,,,,,,,,,
HRT,200,1.0,0.0,1.0,0.15857142857142856,1.0,0.01,1.0,0.013571428571428571,1.0,0.011428571428571429,0.0,1.0,0.0,0.5692857142857143,0.0,0.36642857142857144,0.0,0.056428571428571425,0.0,1.0,0.0,0.05357142857142857,0.0,1.0,0.0,1.0,0.0,1.0,0.0,1.0,0.0,1.0,0.0,1.0,0.0,0.20857142857142857,0.0,0.185,0.0,0.18714285714285714,0.0,1.0,0.0,1.0,0.0,0.8014285714285714,1.0,0.245,1.0,0.3492857142857143,1.0,0.07071428571428572,1.0,0.14785714285714285,1.0,0.0064285714285714285,0.0,1.0,0.0,1.0,0.0,1.0,0.0,1.0,0.0,1.0,0.0,1.0,0.0,1.0,0.0,0.93,0.0,0.15857142857142856,0.0,0.9235714285714286,0.0,0.04071428571428572,0.0,0.8578571428571429,0.0,1.0,0.0,0.13857142857142857,0.0,0.7978571428571428,0.0,0.9228571428571428,0.0,0.09357142857142857,0.0,0.5971428571428572,0.0,0.6464285714285715,1.0,0.027142857142857142,1.0,0.0064285714285714285,1.0,0.12571428571428572,70.7412919998169,1.0,0.05142857142857143,1.0,0.09571428571428571,0.0,0.7257142857142858,0.0,0.6871428571428572,0.0,0.06285714285714286,0.0,1.0,0.0,0.6742857142857143,0.0,0.20714285714285716,0.0,0.6028571428571429,0.0,1.0,0.0,0.72,0.0,1.0,0.0,1.0,0.0,0.19642857142857142,0.0,0.105,0.0,1.0,0.0,0.9807142857142858,0.0,1.0,0.0,0.6878571428571428,0.0,1.0,1.0,0.2307142857142857,1.0,0.005714285714285714,1.0,0.0007142857142857143,1.0,0.022857142857142857,1.0,0.03571428571428571,0.0,1.0,0.0,0.6792857142857143,0.0,0.6021428571428571,0.0,1.0,0.0,1.0,0.0,0.07357142857142857,0.0,0.14857142857142858,0.0,0.7878571428571428,0.0,0.3757142857142857,0.0,0.94,0.0,1.0,0.0,1.0,0.0,0.6514285714285715,0.0,1.0,0.0,1.0,0.0,1.0,0.0,1.0,0.0,0.7221428571428572,0.0,0.37214285714285716,1.0,0.0014285714285714286,1.0,0.12928571428571428,1.0,0.19714285714285715,1.0,0.0,1.0,0.009285714285714286,0.0,0.19285714285714287,,,,,,,,,,,,,,,,,,,,,,,,,,,,,,,,,,,,,,,,,,,,,,,,,,,,,,,,,,,,,,,,,,,,,,,,,,,,,,,,,,,,,,,,,,,,,,,,,,,,,,,,,,,,,,,,,,,,,,,,,,,,,,,,,,,,,,,,,,,,,,,,,,,,,,,,,,,,,,,,,,,,,,,,,,,,,,,,,,,,,,,,,,,,,,,,,,,,,,,,,,,,,,,,,,,,,,,,,,,,,,,,,,,,,,,,,,,,,,,,,,,,,,,,,,,,,,,,,,,,,,,,,,,,,,,,,,,,,,,,,,,,,,,,,,,,,,,,,,,,
HRT,500,1.0,0.33,1.0,0.15,1.0,0.013428571428571429,1.0,0.11514285714285714,1.0,0.11228571428571428,0.0,1.0,0.0,1.0,0.0,1.0,0.0,0.9771428571428571,0.0,0.934,0.0,1.0,0.0,0.7531428571428571,0.0,1.0,0.0,0.44,0.0,0.22542857142857142,0.0,1.0,0.0,1.0,0.0,1.0,0.0,0.8171428571428572,0.0,0.9065714285714286,0.0,1.0,0.0,1.0,1.0,0.054285714285714284,1.0,0.35428571428571426,1.0,0.10914285714285714,1.0,0.16228571428571428,1.0,0.0034285714285714284,0.0,0.7191428571428572,0.0,0.44257142857142856,0.0,1.0,0.0,0.8888571428571429,0.0,1.0,0.0,1.0,0.0,0.8465714285714285,0.0,0.5985714285714285,0.0,0.5885714285714285,0.0,0.10142857142857142,0.0,0.2834285714285714,0.0,0.10428571428571429,0.0,1.0,0.0,0.8988571428571429,0.0,1.0,0.0,1.0,0.0,0.5994285714285714,1.0,0.0037142857142857142,1.0,0.10685714285714286,1.0,0.0034285714285714284,1.0,0.062,1.0,0.04314285714285714,0.0,0.8405714285714285,517.8086082935333,0.0,1.0,0.0,0.8405714285714285,0.0,1.0,0.0,0.4565714285714286,0.0,1.0,0.0,1.0,0.0,0.31314285714285717,0.0,1.0,0.0,0.060571428571428575,0.0,0.08228571428571428,0.0,1.0,0.0,1.0,0.0,0.7571428571428571,0.0,1.0,0.0,0.21514285714285714,0.0,0.8534285714285714,1.0,0.10857142857142857,1.0,0.0008571428571428571,1.0,0.12428571428571429,1.0,0.0,1.0,0.4642857142857143,0.0,0.33057142857142857,0.0,1.0,0.0,0.7182857142857143,0.0,0.38771428571428573,0.0,0.5142857142857142,0.0,0.5034285714285714,0.0,0.9111428571428571,0.0,1.0,0.0,1.0,0.0,1.0,0.0,0.9982857142857143,0.0,0.8485714285714285,0.0,0.30028571428571427,0.0,0.25771428571428573,0.0,0.22914285714285715,0.0,0.35742857142857143,0.0,0.606,1.0,0.3068571428571429,1.0,0.09228571428571429,1.0,0.027142857142857142,1.0,0.15514285714285714,1.0,0.088,0.0,0.5742857142857143,0.0,0.7397142857142858,0.0,0.446,0.0,1.0,0.0,0.30428571428571427,0.0,1.0,0.0,0.21714285714285714,0.0,0.11314285714285714,0.0,0.4908571428571429,0.0,1.0,0.0,1.0,0.0,0.5905714285714285,0.0,1.0,0.0,0.8274285714285714,0.0,0.7594285714285715,0.0,1.0,0.0,0.2765714285714286,1.0,0.020285714285714285,1.0,0.18285714285714286,1.0,0.004,1.0,0.001142857142857143,1.0,0.008,0.0,0.92,0.0,0.7937142857142857,0.0,1.0,0.0,0.9442857142857143,0.0,0.844,0.0,1.0,0.0,0.08942857142857143,0.0,0.9791428571428571,0.0,0.7074285714285714,0.0,0.4,0.0,0.6597142857142857,0.0,0.15914285714285714,0.0,0.12428571428571429,0.0,0.5488571428571428,0.0,1.0,0.0,1.0,0.0,0.7994285714285714,0.0,0.46314285714285713,1.0,0.022285714285714287,1.0,0.08485714285714285,1.0,0.0005714285714285715,1.0,0.5231428571428571,1.0,0.013142857142857144,0.0,1.0,0.0,1.0,0.0,1.0,0.0,0.7902857142857143,0.0,0.4005714285714286,0.0,0.9948571428571429,0.0,1.0,0.0,0.3231428571428571,0.0,1.0,0.0,1.0,0.0,0.24571428571428572,0.0,0.3291428571428571,0.0,1.0,0.0,0.5211428571428571,0.0,0.8308571428571428,0.0,0.9182857142857143,0.0,1.0,1.0,0.0,1.0,0.4145714285714286,1.0,0.16857142857142857,1.0,0.0005714285714285715,1.0,0.054285714285714284,0.0,1.0,0.0,1.0,0.0,1.0,0.0,0.33,0.0,1.0,0.0,0.038285714285714284,0.0,0.7674285714285715,0.0,0.9797142857142858,0.0,0.19657142857142856,0.0,1.0,0.0,0.244,0.0,1.0,0.0,1.0,0.0,1.0,0.0,1.0,0.0,1.0,0.0,0.6857142857142857,1.0,0.008285714285714285,1.0,0.019428571428571427,1.0,0.08685714285714285,1.0,0.11857142857142858,1.0,0.004857142857142857,0.0,0.12857142857142856,0.0,0.18171428571428572,0.0,1.0,0.0,0.9422857142857143,0.0,1.0,0.0,1.0,0.0,1.0,0.0,0.06828571428571428,0.0,1.0,0.0,0.23085714285714284,0.0,0.348,0.0,0.9442857142857143,0.0,1.0,0.0,1.0,0.0,0.7585714285714286,0.0,1.0,0.0,0.9405714285714286,1.0,0.018857142857142857,1.0,0.013142857142857144,1.0,0.046857142857142854,1.0,0.12228571428571429,1.0,0.036,0.0,1.0,0.0,1.0,0.0,0.47514285714285714,0.0,0.8334285714285714,0.0,0.05228571428571428,0.0,0.9922857142857143,0.0,0.12257142857142857,0.0,1.0,0.0,0.17257142857142857,0.0,1.0,0.0,1.0,0.0,1.0,0.0,0.7371428571428571,0.0,0.7108571428571429,0.0,1.0,0.0,1.0,0.0,1.0,1.0,0.038285714285714284,1.0,0.018285714285714287,1.0,0.26685714285714285,1.0,0.00028571428571428574,1.0,0.01657142857142857,0.0,1.0,0.0,0.252,0.0,0.34314285714285714,0.0,0.5411428571428571,0.0,0.078,0.0,0.18114285714285713,0.0,1.0,0.0,1.0,0.0,0.44771428571428573,0.0,1.0,0.0,1.0,0.0,0.4722857142857143,0.0,1.0,0.0,1.0,0.0,0.2057142857142857,0.0,0.106,0.0,0.4491428571428571,0.0,1.0,1.0,0.008,1.0,0.102,1.0,0.6382857142857142,1.0,0.5754285714285714,1.0,0.06742857142857143,0.0,0.019428571428571427
