method,n,tr_time,r2_test,tr_V0,pval0,tr_V1,pval1,tr_V2,pval2,tr_V3,pval3,tr_V4,pval4,tr_V5,pval5,tr_V6,pval6,tr_V7,pval7,tr_V8,pval8,tr_V9,pval9,tr_V10,pval10,tr_V11,pval11,tr_V12,pval12,tr_V13,pval13,tr_V14,pval14,tr_V15,pval15,tr_V16,pval16,tr_V17,pval17,tr_V18,pval18,tr_V19,pval19,tr_V20,pval20,tr_V21,pval21,tr_V22,pval22,tr_V23,pval23,tr_V24,pval24,tr_V25,pval25,tr_V26,pval26,tr_V27,pval27,tr_V28,pval28,tr_V29,pval29,tr_V30,pval30,tr_V31,pval31,tr_V32,pval32,tr_V33,pval33,tr_V34,pval34,tr_V35,pval35,tr_V36,pval36,tr_V37,pval37,tr_V38,pval38,tr_V39,pval39,tr_V40,pval40,tr_V41,pval41,tr_V42,pval42,tr_V43,pval43,tr_V44,pval44,tr_V45,pval45,tr_V46,pval46,tr_V47,pval47,tr_V48,pval48,tr_V49,pval49
LOCO-W,300,2.304779529571533,0.5353051718473428,1.0,0.6546494226533707,1.0,0.9332610901051979,1.0,0.411784953839488,1.0,0.6789408787628568,1.0,9.364610090933922e-06,1.0,0.04080227097707023,1.0,1.1102230246251565e-16,1.0,5.165269257045857e-05,1.0,0.0337236145741594,1.0,0.0006805288397445652,0.0,0.5453398088777153,0.0,0.0002581943897873584,0.0,0.0005757232729582951,0.0,0.8446324747825027,0.0,0.8322193724538087,0.0,0.9065081096395496,0.0,0.352753070075133,0.0,0.6888835420466433,0.0,0.010351477250598484,0.0,0.015125720194326897,0.0,0.1766399857337544,0.0,0.26613838310758997,0.0,0.746194081629072,0.0,0.05315879202985885,0.0,0.2875970432719186,0.0,0.8898369102741355,0.0,0.6747167272150615,0.0,0.8103451722517094,0.0,0.13875657875169856,0.0,0.42362852010737817,0.0,0.274834433546264,0.0,0.40080325405081285,0.0,0.5408438021459687,0.0,0.0499135472432185,0.0,0.8502209082998979,0.0,0.7897534387007346,0.0,0.2820618274010137,0.0,0.34347863532010336,0.0,0.41071736628423605,0.0,0.06994520682640437,0.0,0.5461225640263573,0.0,0.03151854742995264,0.0,0.004532261134575943,0.0,0.9929840621761665,0.0,0.6820580594160873,0.0,0.2280913118814515,0.0,0.2799402373239992,0.0,0.35039659400987355,0.0,0.9999982527681761,0.0,0.3265162987164797
CPI,300,3.3838796615600586,0.5353051718473428,1.0,0.10563232149816792,1.0,0.005104720632966971,1.0,0.00015143508450581565,1.0,8.235667450998886e-08,1.0,0.0024160808618468635,1.0,0.14526061712367666,1.0,0.004529020011305974,1.0,0.11235356605948232,1.0,0.0014015196841362723,1.0,0.004870796833790552,0.0,0.9296988848318504,0.0,0.9539290989290816,0.0,1.0,0.0,1.0,0.0,0.30494905465133854,0.0,0.870292219160606,0.0,1.0,0.0,1.0,0.0,1.0,0.0,0.6864470975336997,0.0,1.0,0.0,1.0,0.0,0.6439730595353113,0.0,1.0,0.0,1.0,0.0,1.0,0.0,1.0,0.0,0.4857018010383501,0.0,0.5373711515078115,0.0,0.1477226274233473,0.0,1.0,0.0,0.44773434333589623,0.0,1.0,0.0,1.0,0.0,0.40678926428817314,0.0,1.0,0.0,1.0,0.0,0.7331072286027099,0.0,1.0,0.0,0.27357522778780163,0.0,0.19542323926617855,0.0,0.9064497843769505,0.0,0.2503540718813794,0.0,1.0,0.0,0.1258847861985487,0.0,1.0,0.0,0.8270326678979364,0.0,1.0,0.0,0.4553363513690434,0.0,0.8653223028939654
CPI_sqrt,300,3.368699550628662,0.5353051718473428,1.0,0.3761329792188707,1.0,0.25550393450879916,1.0,0.13364042057907088,1.0,0.060961480782863356,1.0,0.1860310693911738,1.0,0.27599389716952716,1.0,0.15514503421703918,1.0,0.24840523331469633,1.0,0.17318675623696456,1.0,0.23855710279534764,0.0,0.5179672597879754,0.0,0.5210622508848555,0.0,0.5,0.0,0.5,0.0,0.5006791655580647,0.0,0.5203095664113373,0.0,0.5,0.0,0.5,0.0,0.5,0.0,0.48454206404391875,0.0,0.5,0.0,0.5,0.0,0.5160506737213134,0.0,0.5,0.0,0.5,0.0,0.5,0.0,0.5,0.0,0.46569793235772033,0.0,0.4998388367709576,0.0,0.48132626470837164,0.0,0.5,0.0,0.4849635334108697,0.0,0.5,0.0,0.5,0.0,0.4976191534482106,0.0,0.5,0.0,0.5,0.0,0.4973823247333228,0.0,0.5,0.0,0.48903234368110166,0.0,0.4987011420298213,0.0,0.5228323584054065,0.0,0.4952807708777236,0.0,0.5,0.0,0.4570470988774495,0.0,0.5,0.0,0.5134785304725091,0.0,0.5,0.0,0.46708440430200043,0.0,0.5308407915373332
CPI_n,300,3.3588011264801025,0.5353051718473428,1.0,0.07346291683739045,1.0,0.117464427998343,1.0,0.014281101354795187,1.0,0.0013205593472995726,1.0,0.2381887336148804,1.0,0.05733234175387436,1.0,0.005539674205494164,1.0,0.0060203491425928415,1.0,0.0011124153915037633,1.0,0.00040883020551027243,0.0,0.616563929288281,0.0,0.5484025688870783,0.0,0.5,0.0,0.5,0.0,0.5202589256630373,0.0,0.5044762104751273,0.0,0.5,0.0,0.5,0.0,0.5,0.0,0.5615415559450219,0.0,0.5,0.0,0.5,0.0,0.4356152779360061,0.0,0.5,0.0,0.5,0.0,0.5,0.0,0.5,0.0,0.4773211369042928,0.0,0.5001327977563176,0.0,0.14407972627550708,0.0,0.5,0.0,0.6874673202934298,0.0,0.5,0.0,0.5,0.0,0.5321290953085239,0.0,0.5,0.0,0.5,0.0,0.550021734998263,0.0,0.5,0.0,0.38774673282512656,0.0,0.4720622142349836,0.0,0.6602710118708642,0.0,0.5008705310970603,0.0,0.5,0.0,0.36795078180881524,0.0,0.5,0.0,0.5594094499994495,0.0,0.5,0.0,0.3435068297790158,0.0,0.5808884918842696
CPI_bt,300,3.5558619499206543,0.5353051718473428,1.0,9.820265534272237e-21,1.0,2.796748199186975e-06,1.0,5.351390944783374e-11,1.0,6.5372060495183255e-37,1.0,1.1795471389976723e-25,1.0,1.6903550306518843e-08,1.0,1.1779217371435875e-06,1.0,3.54820109365003e-07,1.0,4.7444505982778655e-07,1.0,6.3617163629937374e-18,0.0,0.8985807050503766,0.0,0.6419720768154809,0.0,0.5,0.0,0.5,0.0,0.4998538899729562,0.0,0.7311946955144135,0.0,0.5,0.0,0.5,0.0,0.5,0.0,0.29940870957463306,0.0,0.5,0.0,0.5,0.0,0.44636487493134236,0.0,0.5,0.0,0.5,0.0,0.5,0.0,0.5,0.0,0.14530241464435384,0.0,0.49874136752064563,0.0,9.638114509509044e-05,0.0,0.5,0.0,0.16944661984520176,0.0,0.5,0.0,0.5,0.0,0.509161012268142,0.0,0.5,0.0,0.5,0.0,0.4679179289905059,0.0,0.5,0.0,0.46751677528266544,0.0,0.45020559200745197,0.0,0.6919450022611804,0.0,0.47858285660780997,0.0,0.5,0.0,0.3492698689098943,0.0,0.5,0.0,0.4208024028566569,0.0,0.5,0.0,0.21153812846850634,0.0,0.8602269291028801
CPI_sqd,300,3.545720100402832,0.5353051718473428,1.0,2.172751272650358e-18,1.0,6.365931176675937e-44,1.0,3.60188300597957e-76,1.0,2.444007359004557e-299,1.0,1.0178934848943681e-221,1.0,8.828311309927492e-139,1.0,1.4026992120546711e-120,1.0,8.134824790936473e-30,1.0,3.106689372863907e-104,1.0,2.2379685112021933e-107,0.0,1.0,0.0,1.0,0.0,0.5,0.0,0.5,0.0,0.9870371684369186,0.0,1.0,0.0,0.5,0.0,0.5,0.0,0.5,0.0,4.384746510744413e-257,0.0,0.5,0.0,0.5,0.0,1.0,0.0,0.5,0.0,0.5,0.0,0.5,0.0,0.5,0.0,1.0,0.0,0.45886155488320346,0.0,1.5467930803428218e-91,0.0,0.5,0.0,1.0,0.0,0.5,0.0,0.5,0.0,1.0,0.0,0.5,0.0,0.5,0.0,1.2099447359806622e-06,0.0,0.5,0.0,9.430010023745544e-09,0.0,2.8272222871619856e-20,0.0,1.0,0.0,3.2377699402625955e-08,0.0,0.5,0.0,0.00043043793879165486,0.0,0.5,0.0,1.4546110172750118e-89,0.0,0.5,0.0,1.920851271938117e-117,0.0,1.0
S-CPI,300,3.4680216312408447,0.5353051718473428,1.0,0.24413203071929696,1.0,0.4981609949551261,1.0,0.002767520892312607,1.0,4.676012250972308e-05,1.0,0.026021589420098003,1.0,0.0738074989950342,1.0,0.13020820365678315,1.0,0.4261104071674545,1.0,0.0025909642448935593,1.0,0.001284483242353285,0.0,0.9886952382374365,0.0,0.9862353280015527,0.0,0.5,0.0,0.5,0.0,0.6889984172133402,0.0,0.7371372098166122,0.0,0.5,0.0,0.5,0.0,0.5,0.0,0.28007661359243274,0.0,0.5,0.0,0.5,0.0,0.8289602640269516,0.0,0.5,0.0,0.5,0.0,0.5,0.0,0.5,0.0,0.1661769525536705,0.0,0.48632288450125755,0.0,0.1058211690686563,0.0,0.5,0.0,0.7848981531095478,0.0,0.5,0.0,0.5,0.0,0.9054167778167517,0.0,0.5,0.0,0.5,0.0,0.6631600751908537,0.0,0.5,0.0,0.2818719369228282,0.0,0.03627623409199748,0.0,0.959114289839194,0.0,0.3325071615015984,0.0,0.5,0.0,0.39448533569432764,0.0,0.5,0.0,0.40219475178450687,0.0,0.5,0.0,0.3296368806815348,0.0,0.9296943317562908
S-CPI_sqrt,300,3.4727296829223633,0.5353051718473428,1.0,0.4172531286720522,1.0,0.4284204754181955,1.0,0.11803378669617032,1.0,0.07605284992137278,1.0,0.22241255859716302,1.0,0.31898390893626305,1.0,0.2758749556055585,1.0,0.48879626951971017,1.0,0.14977094342507946,1.0,0.24051195379070084,0.0,0.575851920759811,0.0,0.5161471150639809,0.0,0.5,0.0,0.5,0.0,0.5003689829163804,0.0,0.515089982577972,0.0,0.5,0.0,0.5,0.0,0.5,0.0,0.49667499994438763,0.0,0.5,0.0,0.5,0.0,0.5179916819946455,0.0,0.5,0.0,0.5,0.0,0.5,0.0,0.5,0.0,0.47046628803890117,0.0,0.4998060293114195,0.0,0.4331637535862388,0.0,0.5,0.0,0.5415561969838387,0.0,0.5,0.0,0.5,0.0,0.5038789010384175,0.0,0.5,0.0,0.5,0.0,0.4986922745750483,0.0,0.5,0.0,0.4891226960653754,0.0,0.49473622041286774,0.0,0.5401101384310543,0.0,0.5009121836985847,0.0,0.5,0.0,0.4676981344574779,0.0,0.5,0.0,0.5014400278041912,0.0,0.5,0.0,0.49048734189028376,0.0,0.5377228807129827
S-CPI_n,300,3.4673757553100586,0.5353051718473428,1.0,0.36079049196150254,1.0,0.27557042923662856,1.0,0.023402582128188798,1.0,0.0006505119390917274,1.0,0.09857778942392587,1.0,0.12393699802651453,1.0,0.07338328374687103,1.0,0.44672111327733677,1.0,0.024253262633232953,1.0,0.03321809935253447,0.0,0.8553895660147809,0.0,0.6462750471546016,0.0,0.5,0.0,0.5,0.0,0.5020968685306731,0.0,0.5584167792482628,0.0,0.5,0.0,0.5,0.0,0.5,0.0,0.4319770311000004,0.0,0.5,0.0,0.5,0.0,0.7425245174460704,0.0,0.5,0.0,0.5,0.0,0.5,0.0,0.5,0.0,0.3942801966272582,0.0,0.49944396490596155,0.0,0.29158248625528227,0.0,0.5,0.0,0.6713974346563825,0.0,0.5,0.0,0.5,0.0,0.5373807024798851,0.0,0.5,0.0,0.5,0.0,0.5092265780933887,0.0,0.5,0.0,0.45864938939492106,0.0,0.45642948575440556,0.0,0.72509965133685,0.0,0.5008069450084057,0.0,0.5,0.0,0.49148948028305894,0.0,0.5,0.0,0.4949520658921135,0.0,0.5,0.0,0.50389613038453,0.0,0.7424445649407997
S-CPI_bt,300,3.649585247039795,0.5353051718473428,1.0,0.19730994398862972,1.0,0.10291528582267928,1.0,1.1845589530368165e-15,1.0,4.071031407141421e-27,1.0,5.749003156739409e-07,1.0,2.0004006327506623e-06,1.0,9.592851970393918e-10,1.0,0.0009331670507026796,1.0,6.776563284466703e-21,1.0,7.006927234981992e-15,0.0,0.9883078274739107,0.0,0.6838685674711269,0.0,0.5,0.0,0.5,0.0,0.5014436015195103,0.0,0.5002819520381387,0.0,0.5,0.0,0.5,0.0,0.5,0.0,0.32897776016348224,0.0,0.5,0.0,0.5,0.0,0.6906789412366449,0.0,0.5,0.0,0.5,0.0,0.5,0.0,0.5,0.0,0.3740942393147415,0.0,0.49952668497757174,0.0,0.0530194849396263,0.0,0.5,0.0,0.8934462767227149,0.0,0.5,0.0,0.5,0.0,0.5150912275595965,0.0,0.5,0.0,0.5,0.0,0.4973576535372033,0.0,0.5,0.0,0.40647046017851385,0.0,0.4358403819774338,0.0,0.9057124167765314,0.0,0.4981604055959382,0.0,0.5,0.0,0.2000003307539458,0.0,0.5,0.0,0.4325154915540262,0.0,0.5,0.0,0.5983556544710223,0.0,0.8542924544637043
S-CPI_sqd,300,3.6490368843078613,0.5353051718473428,1.0,0.013254539867281307,1.0,0.011892495496748005,1.0,3.8878401790563326e-61,1.0,2.099889643027668e-137,1.0,4.6969635187726113e-57,1.0,6.135189991264108e-89,1.0,6.624439906028333e-15,1.0,0.31148390570916923,1.0,9.712662875245377e-153,1.0,4.822928670304731e-176,0.0,1.0,0.0,1.0,0.0,0.5,0.0,0.5,0.0,0.9950203301573851,0.0,0.1538940226905997,0.0,0.5,0.0,0.5,0.0,0.5,0.0,2.417298190962522e-68,0.0,0.5,0.0,0.5,0.0,1.0,0.0,0.5,0.0,0.5,0.0,0.5,0.0,0.5,0.0,4.640076177236737e-194,0.0,0.5459228917072988,0.0,4.328667851777166e-241,0.0,0.5,0.0,1.0,0.0,0.5,0.0,0.5,0.0,1.0,0.0,0.5,0.0,0.5,0.0,0.8070023259407773,0.0,0.5,0.0,8.647821431817847e-168,0.0,7.390708397927146e-51,0.0,1.0,0.0,0.001232035276808975,0.0,0.5,0.0,8.600194689212352e-34,0.0,0.5,0.0,0.9999273344316879,0.0,0.5,0.0,3.2227499475732242e-15,0.0,1.0
S-CPI2,300,4.546406269073486,0.5353051718473428,1.0,0.4491711832095437,1.0,0.3639127083300765,1.0,0.008793293466377555,1.0,0.00015242101030370298,1.0,0.01754061424171701,1.0,0.04437391977089566,1.0,0.09380601057037946,1.0,0.47686160576905057,1.0,0.0022422749130944605,1.0,0.007925980767673022,0.0,0.9978975011422484,0.0,0.9880632569753295,0.0,0.2888283458249491,0.0,0.2888283458249491,0.0,0.6095990205527267,0.0,0.6325020282120004,0.0,0.2888283458249491,0.0,0.2888283458249491,0.0,0.2888283458249491,0.0,0.2681074820887662,0.0,0.2888283458249491,0.0,0.2888283458249491,0.0,0.7782010520241794,0.0,0.2888283458249491,0.0,0.2888283458249491,0.0,0.2888283458249491,0.0,0.2888283458249491,0.0,0.1213392219130301,0.0,0.39331424242997226,0.0,0.13132920246957674,0.0,0.2888283458249491,0.0,0.7618821867727659,0.0,0.2888283458249491,0.0,0.2888283458249491,0.0,0.8793910788735068,0.0,0.2888283458249491,0.0,0.2888283458249491,0.0,0.48458708531690137,0.0,0.2888283458249491,0.0,0.2800688880661094,0.0,0.028357066833121513,0.0,0.9287861107638213,0.0,0.27835036199339114,0.0,0.2888283458249491,0.0,0.395791745182462,0.0,0.2888283458249491,0.0,0.4830603630796677,0.0,0.2888283458249491,0.0,0.4092733569985698,0.0,0.8993623934934795
S-CPI2_sqrt,300,4.540461778640747,0.5353051718473428,1.0,0.469505568438908,1.0,0.424695301585558,1.0,0.1692385153559247,1.0,0.06451649210558086,1.0,0.2025069861543028,1.0,0.32477108061076365,1.0,0.31718055155749225,1.0,0.47367286558155725,1.0,0.17717867496123912,1.0,0.2130541221559905,0.0,0.5873213117269652,0.0,0.5200445592240153,0.0,0.4999999999999992,0.0,0.4999999999999992,0.0,0.5004460521920557,0.0,0.5093591135260787,0.0,0.4999999999999992,0.0,0.4999999999999992,0.0,0.4999999999999992,0.0,0.48462431046101023,0.0,0.4999999999999992,0.0,0.4999999999999992,0.0,0.5386259707508719,0.0,0.4999999999999992,0.0,0.4999999999999992,0.0,0.4999999999999992,0.0,0.4999999999999992,0.0,0.4692553203269758,0.0,0.4997594111727143,0.0,0.423246950860259,0.0,0.4999999999999992,0.0,0.5408930097972291,0.0,0.4999999999999992,0.0,0.4999999999999992,0.0,0.5048911452870355,0.0,0.4999999999999992,0.0,0.4999999999999992,0.0,0.49974823550290864,0.0,0.4999999999999992,0.0,0.49063207436883616,0.0,0.49382015175067456,0.0,0.5572469493720033,0.0,0.49772056515673774,0.0,0.4999999999999992,0.0,0.48214904062245967,0.0,0.4999999999999992,0.0,0.4999428036167409,0.0,0.4999999999999992,0.0,0.4879657181258737,0.0,0.5410024721254995
S-CPI2_n,300,4.547338962554932,0.5353051718473428,1.0,0.4220616644137956,1.0,0.38821789851187194,1.0,0.009687060928262653,1.0,0.0007399824117965829,1.0,0.02727123938839541,1.0,0.09327996128934285,1.0,0.15010731870692462,1.0,0.471830324196615,1.0,0.011941970622027344,1.0,0.033261128033242424,0.0,0.8934462970509445,0.0,0.6658799983935587,0.0,0.4999999999999925,0.0,0.4999999999999925,0.0,0.5027031913848691,0.0,0.56774591251235,0.0,0.4999999999999925,0.0,0.4999999999999925,0.0,0.4999999999999925,0.0,0.4118454111326091,0.0,0.4999999999999925,0.0,0.4999999999999925,0.0,0.6468604624954393,0.0,0.4999999999999925,0.0,0.4999999999999925,0.0,0.4999999999999925,0.0,0.4999999999999925,0.0,0.34240296266609455,0.0,0.498381753170629,0.0,0.22833779633786078,0.0,0.4999999999999925,0.0,0.6885155881374274,0.0,0.4999999999999925,0.0,0.4999999999999925,0.0,0.5359251945005942,0.0,0.4999999999999925,0.0,0.4999999999999925,0.0,0.4974797574015261,0.0,0.4999999999999925,0.0,0.41708177112317046,0.0,0.4414908936917027,0.0,0.7601370608902471,0.0,0.4824047544692033,0.0,0.4999999999999925,0.0,0.4127944966985294,0.0,0.4999999999999925,0.0,0.49538138491664413,0.0,0.4999999999999925,0.0,0.4542803768742766,0.0,0.7030906866160451
S-CPI2_bt,300,4.726135730743408,0.5353051718473428,1.0,0.30301129592177334,1.0,0.10984557538272494,1.0,3.6737752720018476e-21,1.0,4.0474328534108996e-30,1.0,1.1927809518236073e-12,1.0,9.841502964919198e-07,1.0,2.268984570312571e-06,1.0,0.3420400678912152,1.0,1.377134751429744e-16,1.0,2.3343966066246894e-16,0.0,0.9895361747121839,0.0,0.6837405829902521,0.0,0.4999999999999925,0.0,0.4999999999999925,0.0,0.5073360622176486,0.0,0.6295893018224827,0.0,0.4999999999999925,0.0,0.4999999999999925,0.0,0.4999999999999925,0.0,0.4547819027899251,0.0,0.4999999999999925,0.0,0.4999999999999925,0.0,0.7789869616917856,0.0,0.4999999999999925,0.0,0.4999999999999925,0.0,0.4999999999999925,0.0,0.4999999999999925,0.0,0.19562640812511267,0.0,0.4987911404868402,0.0,0.023555014003756557,0.0,0.4999999999999925,0.0,0.8251736619187631,0.0,0.4999999999999925,0.0,0.4999999999999925,0.0,0.541217179623547,0.0,0.4999999999999925,0.0,0.4999999999999925,0.0,0.4969531503876318,0.0,0.4999999999999925,0.0,0.4125430747257015,0.0,0.43433292815748653,0.0,0.908078251117475,0.0,0.48123229157664676,0.0,0.4999999999999925,0.0,0.3183867781250519,0.0,0.4999999999999925,0.0,0.5248444776795679,0.0,0.4999999999999925,0.0,0.349245975783948,0.0,0.8808657516207865
S-CPI2_sqd,300,4.740980625152588,0.5353051718473428,1.0,0.18997597705512997,1.0,0.2254787304659882,1.0,2.3917608117856657e-130,1.0,2.8349186140740504e-91,1.0,5.142584072381212e-64,1.0,6.550716878134591e-64,1.0,7.329276752332274e-14,1.0,0.29718841797326423,1.0,1.7283447918138252e-117,1.0,5.14170263885576e-82,0.0,1.0,0.0,1.0,0.0,0.49999999999932376,0.0,0.49999999999932376,0.0,0.6894141143375784,0.0,1.0,0.0,0.49999999999932376,0.0,0.49999999999932376,0.0,0.49999999999932376,0.0,3.694876879479028e-75,0.0,0.49999999999932376,0.0,0.49999999999932376,0.0,1.0,0.0,0.49999999999932376,0.0,0.49999999999932376,0.0,0.49999999999932376,0.0,0.49999999999932376,0.0,2.1216933687377797e-251,0.0,0.41904814962157205,0.0,1.2286317886586883e-72,0.0,0.49999999999932376,0.0,1.0,0.0,0.49999999999932376,0.0,0.49999999999932376,0.0,1.0,0.0,0.49999999999932376,0.0,0.49999999999932376,0.0,0.5995136275006715,0.0,0.49999999999932376,0.0,7.023555591519757e-121,0.0,2.940203523685041e-44,0.0,1.0,0.0,6.2820360633636085e-09,0.0,0.49999999999932376,0.0,2.4551031537362055e-53,0.0,0.49999999999932376,0.0,0.891096780476486,0.0,0.49999999999932376,0.0,8.428107973906411e-25,0.0,1.0
LOCO,300,3.269782781600952,0.5353051718473428,1.0,0.3697477579551971,1.0,0.4588790817964414,1.0,0.014682030940661762,1.0,6.510931984552626e-05,1.0,0.011491644209406451,1.0,0.016835328880852818,1.0,0.04747415842925219,1.0,0.4920193691316177,1.0,0.004831623543551896,1.0,0.010385549991248225,0.0,0.9788637592877453,0.0,0.996042296778664,0.0,0.9555128249450106,0.0,0.017625620775051493,0.0,0.872794960904312,0.0,0.6913312847158433,0.0,0.5,0.0,0.5,0.0,0.23749953668233315,0.0,0.0629685382192795,0.0,0.5,0.0,0.5,0.0,0.7649505473779279,0.0,0.5,0.0,0.5,0.0,0.5,0.0,0.5,0.0,0.18941688473364776,0.0,0.3982033798007947,0.0,0.11712887650048265,0.0,0.5,0.0,0.7144033792192712,0.0,0.6983057094788706,0.0,0.5,0.0,0.8301539745323359,0.0,0.22333089122204458,0.0,0.5,0.0,0.7053947020075787,0.0,0.5,0.0,0.33723883691133366,0.0,0.07238177446450725,0.0,0.9423049526010656,0.0,0.29732203819350705,0.0,0.6572170815342819,0.0,0.2720799746624586,0.0,0.5,0.0,0.45353038933827644,0.0,0.5,0.0,0.27954570232148074,0.0,0.8620027354370708
LOCO_sqrt,300,3.258291244506836,0.5353051718473428,1.0,0.44355496987587834,1.0,0.48275528958304076,1.0,0.1959578045101832,1.0,0.04006644251288763,1.0,0.16515055508776166,1.0,0.28562917243161834,1.0,0.22073436125878187,1.0,0.49603817313465715,1.0,0.15971467122784871,1.0,0.2042016861116246,0.0,0.5761070527341403,0.0,0.5257489162750002,0.0,0.5000007160208043,0.0,0.49999756380727767,0.0,0.5022057261575836,0.0,0.5172727722665729,0.0,0.5,0.0,0.5,0.0,0.4999993944284972,0.0,0.46356275671194935,0.0,0.5,0.0,0.5,0.0,0.5456984465705362,0.0,0.5,0.0,0.5,0.0,0.5,0.0,0.5,0.0,0.47348342203632854,0.0,0.4998579742256439,0.0,0.420928307104319,0.0,0.5,0.0,0.5374660543716997,0.0,0.500000085784874,0.0,0.5,0.0,0.5044175011727589,0.0,0.49999995508928535,0.0,0.5,0.0,0.5019179030146276,0.0,0.5,0.0,0.49350630436314896,0.0,0.4941841153495769,0.0,0.5589776499265018,0.0,0.49675811129157355,0.0,0.5000004766495411,0.0,0.47507067374679673,0.0,0.5,0.0,0.49705414161770967,0.0,0.5,0.0,0.459973797044653,0.0,0.540682531578221
LOCO_n,300,3.255941390991211,0.5353051718473428,1.0,0.385409464489005,1.0,0.4641124500683955,1.0,0.030498023699496526,1.0,0.00033600705887847256,1.0,0.023124428083021575,1.0,0.049831623145393064,1.0,0.06856020458929385,1.0,0.49279025196553305,1.0,0.013400198199073104,1.0,0.025951248561658986,0.0,0.8438568301057805,0.0,0.694238241674487,0.0,0.5000067927089472,0.0,0.4999768888154298,0.0,0.5200894975775406,0.0,0.5935640820848435,0.0,0.5,0.0,0.5,0.0,0.4999942551478949,0.0,0.2824149946480964,0.0,0.5,0.0,0.5,0.0,0.6785589066607918,0.0,0.5,0.0,0.5,0.0,0.5,0.0,0.5,0.0,0.35032918167556304,0.0,0.49866822370225283,0.0,0.21740183371477145,0.0,0.5,0.0,0.6444221383014358,0.0,0.5000008138239131,0.0,0.5,0.0,0.538095475612105,0.0,0.4999995739400859,0.0,0.5,0.0,0.5169116200664438,0.0,0.5,0.0,0.45374507881613163,0.0,0.4492764606830089,0.0,0.7829210607320387,0.0,0.47279432416260786,0.0,0.5000045217813415,0.0,0.3758541633198315,0.0,0.5,0.0,0.48182094365465217,0.0,0.5,0.0,0.3491673067583346,0.0,0.7052781617845927
LOCO_bt,300,3.4359335899353027,0.5353051718473428,1.0,0.14949927521538586,1.0,0.3766981161379485,1.0,4.770250587429196e-12,1.0,1.0991162727030832e-34,1.0,1.0461395807467748e-13,1.0,5.04906013093092e-09,1.0,1.9702726886168562e-13,1.0,0.47939450172261344,1.0,4.420988555909445e-16,1.0,8.625979645299902e-13,0.0,0.9754644561292286,0.0,0.7347646213395262,0.0,0.5000067927769487,0.0,0.49997688817951497,0.0,0.5210167552431556,0.0,0.6703920339312144,0.0,0.5,0.0,0.5,0.0,0.4999942550320882,0.0,0.17960960885283966,0.0,0.5,0.0,0.5,0.0,0.8834766343746929,0.0,0.5,0.0,0.5,0.0,0.5,0.0,0.5,0.0,0.2496666728948716,0.0,0.49865077107026806,0.0,0.017082930269494773,0.0,0.5,0.0,0.8364126503247995,0.0,0.5000008138271086,0.0,0.5,0.0,0.5423115214985419,0.0,0.49999957393948796,0.0,0.5,0.0,0.5183483273666173,0.0,0.5,0.0,0.43639743284255605,0.0,0.4444580630593439,0.0,0.9365886656899632,0.0,0.4688173443532142,0.0,0.5000045219079301,0.0,0.25947002628323534,0.0,0.5,0.0,0.47053321756360333,0.0,0.5,0.0,0.14771714119695245,0.0,0.8512287973020694
LOCO_sqd,300,3.439002513885498,0.5353051718473428,1.0,0.027821741366237527,1.0,0.25420947643904646,1.0,2.3322575570256894e-48,1.0,2.393618597532153e-128,1.0,1.7362509347743786e-52,1.0,2.747652931753095e-122,1.0,2.433133068165785e-28,1.0,0.46270508188579285,1.0,5.733584218361718e-98,1.0,2.0414595411450568e-84,0.0,1.0,0.0,1.0,0.0,0.5006113496860091,0.0,0.4979199455824227,0.0,0.9999988623575402,0.0,1.0,0.0,0.5,0.0,0.5,0.0,0.4994829530330781,0.0,0.0,0.0,0.5,0.0,0.5,0.0,1.0,0.0,0.5,0.0,0.5,0.0,0.5,0.0,0.5,0.0,2.084752580725078e-135,0.0,0.38046263469968433,0.0,7.59437817482614e-151,0.0,0.5,0.0,1.0,0.0,0.5000732444393609,0.0,0.5,0.0,1.0,0.0,0.4999616545539761,0.0,0.5,0.0,0.9999784139506052,0.0,0.5,0.0,1.5518394315973013e-27,0.0,1.9503778235605152e-35,0.0,1.0,0.0,5.630600149319239e-12,0.0,0.5004069716424966,0.0,1.800849028932126e-51,0.0,0.5,0.0,4.370782633537838e-05,0.0,0.5,0.0,3.0358454441600135e-24,0.0,1.0
S-CPI_ST,300,3.3691728115081787,0.5353051718473428,1.0,0.05667217702171029,1.0,0.12305322485813928,1.0,0.013150832565561134,1.0,0.036274766096230884,1.0,0.004022964066612547,1.0,0.12305322485813928,1.0,0.02229876231395796,1.0,0.12305322485813928,1.0,0.0004863803539756835,1.0,0.02229876231395796,0.0,0.977701237686042,0.0,0.977701237686042,0.0,1.0,0.0,1.0,0.0,0.23039623635948664,0.0,0.4580644385056446,0.0,1.0,0.0,1.0,0.0,1.0,0.0,0.12305322485813928,0.0,1.0,0.0,1.0,0.0,0.8285834402896058,0.0,1.0,0.0,1.0,0.0,1.0,0.0,1.0,0.0,0.4580644385056446,0.0,0.6239833992007023,0.0,0.02229876231395796,0.0,1.0,0.0,0.977701237686042,0.0,1.0,0.0,1.0,0.0,0.6239833992007023,0.0,1.0,0.0,1.0,0.0,0.08512119752303683,0.0,1.0,0.0,0.7696037636405133,0.0,0.08512119752303683,0.0,0.9637252339037691,0.0,0.7007941408832403,0.0,1.0,0.0,0.37601660079929766,0.0,1.0,0.0,0.17141655971039418,0.0,1.0,0.0,0.7007941408832403,0.0,0.9433278229782898
S-CPI_Wilcox,300,3.415893793106079,0.5353051718473428,1.0,0.4679534389419117,1.0,0.32250249095629674,1.0,0.034941228386948395,1.0,0.0008327788351415109,1.0,0.004865843379333476,1.0,0.01912103327218738,1.0,0.0008805705206364718,1.0,0.007501225831032215,1.0,0.18677029931080702,1.0,0.0017720912145731348,0.0,0.7718016145957735,0.0,0.8556591822399393,0.0,,0.0,,0.0,0.27038607137909776,0.0,0.9165351951879225,0.0,,0.0,,0.0,,0.0,0.3654135954577262,0.0,,0.0,,0.0,0.8850857508593737,0.0,,0.0,,0.0,,0.0,,0.0,0.3297535019147235,0.0,0.6444070830546347,0.0,0.030255564592939526,0.0,,0.0,0.8354044604679476,0.0,,0.0,,0.0,0.38679058803386723,0.0,,0.0,,0.0,0.1696305886135896,0.0,,0.0,0.4133696923140788,0.0,0.0847069152263395,0.0,0.9138358548383888,0.0,0.3167497372373753,0.0,,0.0,0.5366726594809405,0.0,,0.0,0.7997602275689359,0.0,,0.0,0.14178972109059995,0.0,0.5836514286735288
LOCO_ST,300,3.342529773712158,0.5353051718473428,1.0,0.12305322485813928,1.0,0.2992058591167596,1.0,0.004022964066612547,1.0,1.8975245890839e-06,1.0,0.013150832565561134,1.0,0.004022964066612547,1.0,0.0020825570079122217,1.0,0.12305322485813928,1.0,0.02229876231395796,1.0,0.23039623635948664,0.0,0.8769467751418607,0.0,0.9433278229782898,0.0,0.9148788024769632,0.0,0.08512119752303683,0.0,0.7696037636405133,0.0,0.8285834402896058,0.0,0.9999617146353448,0.0,0.9999617146353448,0.0,0.4580644385056446,0.0,0.23039623635948664,0.0,0.9999617146353448,0.0,0.9999617146353448,0.0,0.8285834402896058,0.0,0.9999617146353448,0.0,0.9999617146353448,0.0,0.9999617146353448,0.0,0.9999617146353448,0.0,0.37601660079929766,0.0,0.4580644385056446,0.0,0.12305322485813928,0.0,0.9999851677353874,0.0,0.7007941408832403,0.0,0.8769467751418607,0.0,0.9999851677353874,0.0,0.7007941408832403,0.0,0.2992058591167596,0.0,0.9999851677353874,0.0,0.4580644385056446,0.0,0.9999851677353874,0.0,0.7696037636405133,0.0,0.08512119752303683,0.0,0.977701237686042,0.0,0.5419355614943554,0.0,0.6239833992007023,0.0,0.37601660079929766,0.0,0.9999999997807107,0.0,0.2992058591167596,0.0,0.9999999997807107,0.0,0.5419355614943554,0.0,0.9637252339037691
LOCO_Wilcox,300,3.342529773712158,0.5353051718473428,1.0,0.0847069152263395,1.0,0.263128200470894,1.0,0.004980608886998797,1.0,9.723567211990332e-06,1.0,0.016398201773646825,1.0,0.004378045448386341,1.0,0.010623626311750105,1.0,0.23137588975215723,1.0,0.002800150500051138,1.0,0.025380135068295055,0.0,0.955435337750438,0.0,0.9813405881816373,0.0,0.9628292577034205,0.0,0.024674037208902228,0.0,0.8200063265911655,0.0,0.8114358050096291,0.0,0.5650497881623265,0.0,0.5650497881623265,0.0,0.34001283507175917,0.0,0.1140833552214584,0.0,0.5615209158656427,0.0,0.5615209158656427,0.0,0.869625167761735,0.0,0.5615209158656427,0.0,0.5615209158656427,0.0,0.5615209158656427,0.0,0.5615209158656427,0.0,0.09046834601510811,0.0,0.7154413453001905,0.0,0.10142077948278955,0.0,0.32578665921008587,0.0,0.6643990935855257,0.0,0.723574733432171,0.0,0.32578665921008587,0.0,0.7262603014317408,0.0,0.283195186224951,0.0,0.32578665921008587,0.0,0.5360681633674502,0.0,0.32578665921008587,0.0,0.5424578497283279,0.0,0.044187535827128976,0.0,0.9248494496635695,0.0,0.3011598062493315,0.0,0.5647247976458448,0.0,0.34444678277937824,0.0,0.23182746608336852,0.0,0.43210921983794653,0.0,0.23182746608336852,0.0,0.5120373197711815,0.0,0.9531178157286632
Semi_KO_ST,300,30.477296352386475,0.551869502934139,1.0,0.0015846336007503798,1.0,0.26272099771177687,1.0,0.6982971410639311,1.0,0.0015846336007503798,1.0,0.47698624279048324,1.0,0.05944316837409894,1.0,0.012090991236631416,1.0,0.021564249638610866,1.0,0.11264278394223302,1.0,0.0046306033382052855,0.0,1.0,0.0,1.0,0.0,0.34308771160569407,0.0,0.09205828619599285,0.0,1.0,0.0,0.3017028589360689,0.0,1.0,0.0,1.0,0.0,1.0,0.0,0.5230137572095168,0.0,0.9256037211294845,0.0,1.0,0.0,0.0064559178177449545,0.0,1.0,0.0,0.887357216057767,0.0,1.0,0.0,1.0,0.0,0.47698624279048324,0.0,1.0,0.0,0.16317699596252302,0.0,1.0,0.0,0.7372790022882232,0.0,1.0,0.0,1.0,0.0,1.0,0.0,1.0,0.0,1.0,0.0,1.0,0.0,1.0,0.0,0.9633440237005766,0.0,0.47698624279048324,0.0,1.0,0.0,0.5687364536522668,0.0,1.0,0.0,0.34308771160569407,0.0,0.38644327154530145,0.0,0.26272099771177687,0.0,1.0,0.0,0.9405568316259011,0.0,1.0
Semi_KO_Wilcox,300,30.376102924346924,0.551869502934139,1.0,0.4141854455661206,1.0,0.4832910910221391,1.0,0.11397566644068563,1.0,0.019754133584346894,1.0,0.312028656434015,1.0,0.02760577861398364,1.0,0.6056490965685618,1.0,0.0694853725618505,1.0,0.5557948089437199,1.0,0.25944601365326037,0.0,,0.0,,0.0,0.705166466775385,0.0,0.844898624785326,0.0,,0.0,0.807983861600865,0.0,,0.0,,0.0,,0.0,0.00938354110909489,0.0,0.3282003712974541,0.0,,0.0,0.0855654518847534,0.0,,0.0,0.7983973762380896,0.0,,0.0,,0.0,0.006523910662214562,0.0,,0.0,0.3682498589723314,0.0,,0.0,0.16136544933825497,0.0,,0.0,,0.0,,0.0,,0.0,,0.0,,0.0,,0.0,0.708826124518786,0.0,0.04166604090514292,0.0,,0.0,0.20631179921571602,0.0,,0.0,0.7929287284823476,0.0,0.04072697686187476,0.0,0.08299502817717752,0.0,,0.0,0.6667377630090502,0.0,
dCRT,300,1.469977855682373,0.551869502934139,1.0,6.093089226106178e-10,1.0,8.84627294337349e-09,1.0,4.044888616570951e-12,1.0,6.590431780565223e-16,1.0,6.118499065041985e-11,1.0,3.444273684891092e-06,1.0,9.434882198204233e-14,1.0,1.2668858079241269e-14,1.0,1.2971505542016246e-09,1.0,3.484403761530674e-09,0.0,0.5999677351319102,0.0,0.4989229978040326,0.0,0.09182961289000478,0.0,0.17169777215476267,0.0,0.9696062378110895,0.0,0.4383866501011594,0.0,0.440671900231124,0.0,0.4368741458424773,0.0,0.8511926930286345,0.0,0.1373520739904945,0.0,0.16362323161756498,0.0,0.7714724270017547,0.0,0.05768922528886061,0.0,0.6725791170108295,0.0,0.36784335897374376,0.0,0.32873284032527195,0.0,0.4157249092952878,0.0,0.054049143276524894,0.0,0.6320687657619161,0.0,0.012008397246025943,0.0,0.5051681642724233,0.0,0.05013254942972632,0.0,0.54753399990549,0.0,0.9159199151036514,0.0,0.9058254690941435,0.0,0.46512053911855755,0.0,0.6292699188291984,0.0,0.6299899266316593,0.0,0.8136601019971909,0.0,0.30544597367011517,0.0,0.255620132211417,0.0,0.7704583613152362,0.0,0.463587709271268,0.0,0.4166311940552573,0.0,0.1302058851944577,0.0,0.2489004137370825,0.0,0.2776378281357742,0.0,0.5281184518045583,0.0,0.02276689292327094,0.0,0.36695230396509115
HRT,300,49.53787875175476,0.5353051718473428,1.0,0.018571428571428572,1.0,0.017142857142857144,1.0,0.0,1.0,0.0,1.0,0.0004761904761904762,1.0,0.0033333333333333335,1.0,0.0,1.0,0.0019047619047619048,1.0,0.0,1.0,0.0,0.0,0.9866666666666667,0.0,0.9880952380952381,0.0,1.0,0.0,1.0,0.0,0.6166666666666667,0.0,0.530952380952381,0.0,1.0,0.0,1.0,0.0,1.0,0.0,0.2752380952380952,0.0,1.0,0.0,1.0,0.0,0.569047619047619,0.0,1.0,0.0,1.0,0.0,1.0,0.0,1.0,0.0,0.12380952380952381,0.0,0.3619047619047619,0.0,0.049523809523809526,0.0,1.0,0.0,0.5804761904761905,0.0,1.0,0.0,1.0,0.0,0.8085714285714286,0.0,1.0,0.0,1.0,0.0,0.48142857142857143,0.0,1.0,0.0,0.19428571428571428,0.0,0.030952380952380953,0.0,0.929047619047619,0.0,0.3171428571428571,0.0,1.0,0.0,0.23238095238095238,0.0,1.0,0.0,0.4519047619047619,0.0,1.0,0.0,0.2319047619047619,0.0,0.8371428571428572
Semi_KO_ST_perm5,300,157.51525330543518,0.551869502934139,1.0,0.011231562540927722,1.0,0.003255819143833762,1.0,1.7879752700981538e-09,1.0,2.689323060792106e-16,1.0,0.000895764058898513,1.0,0.14901314767482607,1.0,0.00018447434606280294,1.0,1.0405688772744165e-05,1.0,0.11766397995744456,1.0,0.002324119272723247,0.0,1.0,0.0,1.0,0.0,0.6079016799728794,0.0,0.5072830492578977,0.0,1.0,0.0,0.11061501889723298,0.0,1.0,0.0,1.0,0.0,1.0,0.0,0.048305898143835076,0.0,0.36433980763073304,0.0,1.0,0.0,0.833388268616104,0.0,1.0,0.0,0.6079016799728794,0.0,1.0,0.0,1.0,0.0,0.011231562540927722,0.0,1.0,0.0,0.017873130830764954,0.0,1.0,0.0,0.15765117293422676,0.0,1.0,0.0,1.0,0.0,1.0,0.0,1.0,0.0,1.0,0.0,1.0,0.0,1.0,0.0,0.035334522405878734,0.0,0.43474264021802417,0.0,1.0,0.0,0.22706574337002386,0.0,1.0,0.0,0.0912953929077155,0.0,0.06483299878994055,0.0,0.40619643234888386,0.0,1.0,0.0,0.6492871753040215,0.0,1.0
Semi_KO_Wilcox_perm5,300,156.86894273757935,0.551869502934139,1.0,5.6725021927879454e-06,1.0,7.240275619577755e-05,1.0,4.042832948556656e-06,1.0,5.604098390341744e-33,1.0,1.7308072098609493e-06,1.0,0.09945559140705235,1.0,6.822954325126918e-10,1.0,1.0636613949626017e-07,1.0,0.0002132666322199978,1.0,0.06118359859999578,0.0,,0.0,,0.0,0.15955974194948724,0.0,0.0033351407844404066,0.0,,0.0,0.5348836713020675,0.0,,0.0,,0.0,,0.0,0.00508377496507003,0.0,0.02173213448894996,0.0,,0.0,0.03520889738019598,0.0,,0.0,0.03412632599322303,0.0,,0.0,,0.0,0.037218178372033686,0.0,,0.0,0.1665945648462236,0.0,,0.0,0.45257987624567053,0.0,,0.0,,0.0,,0.0,,0.0,,0.0,,0.0,,0.0,0.6565278461855085,0.0,0.028583285248173513,0.0,,0.0,0.4983183370433026,0.0,,0.0,0.1648003748723374,0.0,0.016713274171925065,0.0,0.4570577881113777,0.0,,0.0,0.025858983949148314,0.0,
Semi_KO_ST_perm10,300,1431.563137769699,0.551869502934139,1.0,2.9842447338960567e-18,1.0,7.077428080872099e-17,1.0,4.449881115231449e-32,1.0,1.5589879846167146e-180,1.0,9.214227651251386e-16,1.0,6.96682974802556e-14,1.0,1.9562178420994077e-32,1.0,1.7608650975461475e-25,1.0,9.435307805604897e-30,1.0,1.0517947345222402e-21,0.0,1.0,0.0,1.0,0.0,3.151047106046063e-05,0.0,0.005816955851392477,0.0,1.0,0.0,0.015190561918987986,0.0,1.0,0.0,1.0,0.0,1.0,0.0,0.002463641087503483,0.0,1.0439671893725025e-05,0.0,1.0,0.0,1.2607018381117414e-07,0.0,1.0,0.0,0.06591948889130629,0.0,1.0,0.0,1.0,0.0,0.0003975418991346312,0.0,1.0,0.0,6.353865951517378e-07,0.0,1.0,0.0,0.0012655018147032376,0.0,1.0,0.0,1.0,0.0,1.0,0.0,1.0,0.0,1.0,0.0,1.0,0.0,1.0,0.0,0.09499854453052489,0.0,0.8114751519638267,0.0,1.0,0.0,0.0013145967929932647,0.0,1.0,0.0,0.0031579306278813825,0.0,0.0381577985945907,0.0,0.7122700668014292,0.0,1.0,0.0,4.6374714351480496e-05,0.0,1.0
Semi_KO_Wilcox_perm10,300,1462.9829413890839,0.551869502934139,1.0,3.1446053535820924e-33,1.0,3.243546667461829e-29,1.0,2.356332534836134e-62,1.0,0.0,1.0,4.559714811554255e-37,1.0,7.814461627840079e-28,1.0,2.2694147638208547e-66,1.0,3.7996161155858825e-64,1.0,3.683248812089641e-45,1.0,2.3150200925819819e-38,0.0,,0.0,,0.0,1.1345279352650914e-07,0.0,0.13306825821846385,0.0,,0.0,0.0015387412035290748,0.0,,0.0,,0.0,,0.0,2.4674947241493365e-08,0.0,0.0010076513069343733,0.0,,0.0,1.4027566104023496e-08,0.0,,0.0,0.528161218589656,0.0,,0.0,,0.0,4.177600967481694e-05,0.0,,0.0,2.3324555939361326e-06,0.0,,0.0,0.00029099611169259725,0.0,,0.0,,0.0,,0.0,,0.0,,0.0,,0.0,,0.0,0.6849795529726592,0.0,0.4100233238399565,0.0,,0.0,0.15761969290084138,0.0,,0.0,5.317036932771948e-07,0.0,0.0077998177933722755,0.0,0.7728983643655298,0.0,,0.0,0.0016023524604584362,0.0,
